Date,Time,Number,paids,soup
1/1/2023,15.00,2,748,หม่าล่า
1/1/2023,6.00,6,1231,ใส
1/1/2023,8.00,6,1541,ใส
1/1/2023,4.00,5,1728,ดำ
1/1/2023,11.00,2,541,ดำ
1/1/2023,12.00,7,1732,ต้มยำ
1/1/2023,22.00,5,1169,หม่าล่า
1/1/2023,23.00,2,734,ต้มยำ
1/1/2023,23.00,7,1582,ดำ
1/1/2023,13.00,5,1223,หม่าล่า
1/1/2023,20.00,7,2587,ดำ
1/1/2023,14.00,7,2128,ดำ
1/1/2023,7.00,4,846,ต้มยำ
1/1/2023,7.00,5,1895,ต้มยำ
1/1/2023,9.00,5,1130,ดำ
1/1/2023,6.00,5,1221,หม่าล่า
1/1/2023,7.00,4,1096,ใส
1/1/2023,11.00,6,2275,ต้มยำ
2/1/2023,20.00,7,2097,หม่าล่า
2/1/2023,6.00,2,642,ต้มยำ
2/1/2023,9.00,4,1156,ต้มยำ
2/1/2023,2.00,6,2255,ใส
2/1/2023,16.00,6,1905,ใส
2/1/2023,6.00,7,1569,ดำ
2/1/2023,15.00,7,2540,ต้มยำ
2/1/2023,10.00,3,869,ต้มยำ
2/1/2023,6.00,5,1334,หม่าล่า
2/1/2023,14.00,2,414,หม่าล่า
2/1/2023,20.00,5,1152,หม่าล่า
2/1/2023,5.00,2,497,ต้มยำ
2/1/2023,3.00,7,2343,ใส
2/1/2023,9.00,2,787,ดำ
2/1/2023,10.00,3,1120,ต้มยำ
2/1/2023,9.00,5,1036,ดำ
2/1/2023,24.00,7,2192,ต้มยำ
3/1/2023,3.00,4,1001,หม่าล่า
3/1/2023,14.00,5,1179,ดำ
3/1/2023,14.00,5,1011,ใส
3/1/2023,17.00,3,660,ใส
3/1/2023,14.00,3,1067,ใส
3/1/2023,18.00,7,2536,ใส
3/1/2023,3.00,3,894,ใส
3/1/2023,4.00,6,1250,ต้มยำ
3/1/2023,15.00,7,1825,หม่าล่า
3/1/2023,12.00,6,2336,หม่าล่า
4/1/2023,12.00,5,1940,ต้มยำ
4/1/2023,2.00,3,865,หม่าล่า
4/1/2023,24.00,4,923,ต้มยำ
4/1/2023,24.00,2,520,ดำ
4/1/2023,7.00,3,1151,ใส
4/1/2023,18.00,5,1622,ใส
4/1/2023,24.00,7,1934,ใส
4/1/2023,20.00,7,2414,ดำ
4/1/2023,19.00,4,1559,ดำ
4/1/2023,23.00,4,1490,ใส
4/1/2023,10.00,5,1684,หม่าล่า
4/1/2023,18.00,6,2253,ต้มยำ
4/1/2023,14.00,7,1481,ใส
4/1/2023,16.00,6,2020,ดำ
5/1/2023,4.00,4,867,ต้มยำ
5/1/2023,14.00,3,981,หม่าล่า
5/1/2023,20.00,6,1542,ต้มยำ
5/1/2023,5.00,4,1360,ต้มยำ
5/1/2023,19.00,2,610,ต้มยำ
5/1/2023,2.00,6,1778,ต้มยำ
5/1/2023,18.00,4,982,หม่าล่า
5/1/2023,4.00,6,1247,ต้มยำ
5/1/2023,5.00,3,815,ต้มยำ
5/1/2023,19.00,6,2303,ดำ
5/1/2023,18.00,5,1660,ดำ
5/1/2023,2.00,2,598,ต้มยำ
5/1/2023,9.00,7,2604,หม่าล่า
5/1/2023,6.00,6,1665,ใส
5/1/2023,17.00,3,867,หม่าล่า
5/1/2023,19.00,3,869,หม่าล่า
5/1/2023,6.00,6,1917,ใส
5/1/2023,4.00,2,400,ดำ
5/1/2023,23.00,6,1879,หม่าล่า
5/1/2023,18.00,4,1377,ต้มยำ
5/1/2023,12.00,5,1869,ดำ
5/1/2023,14.00,7,1398,ใส
5/1/2023,9.00,3,656,ใส
5/1/2023,14.00,6,1493,ใส
5/1/2023,3.00,5,1311,หม่าล่า
5/1/2023,23.00,4,1187,หม่าล่า
6/1/2023,19.00,5,1454,ต้มยำ
6/1/2023,22.00,2,438,ใส
6/1/2023,24.00,6,1996,ดำ
6/1/2023,16.00,5,1391,ดำ
6/1/2023,5.00,5,1653,ต้มยำ
6/1/2023,17.00,3,757,ใส
6/1/2023,15.00,7,1589,หม่าล่า
6/1/2023,16.00,5,1034,ดำ
6/1/2023,12.00,6,2138,ต้มยำ
6/1/2023,3.00,7,1472,ต้มยำ
6/1/2023,12.00,7,2512,ดำ
6/1/2023,21.00,6,1621,ต้มยำ
6/1/2023,22.00,2,627,ต้มยำ
6/1/2023,21.00,5,1141,ใส
6/1/2023,21.00,3,794,ต้มยำ
7/1/2023,12.00,6,1603,ต้มยำ
7/1/2023,21.00,6,2288,หม่าล่า
7/1/2023,19.00,5,1797,ต้มยำ
7/1/2023,24.00,4,1196,ดำ
7/1/2023,10.00,7,2712,หม่าล่า
7/1/2023,18.00,4,975,ดำ
7/1/2023,11.00,6,1777,หม่าล่า
7/1/2023,23.00,5,1963,ต้มยำ
7/1/2023,3.00,3,676,ดำ
7/1/2023,8.00,3,957,หม่าล่า
7/1/2023,18.00,6,1517,ดำ
7/1/2023,13.00,3,982,ดำ
7/1/2023,24.00,4,1248,ดำ
7/1/2023,17.00,4,993,ต้มยำ
7/1/2023,17.00,2,607,ใส
7/1/2023,21.00,5,1291,ใส
7/1/2023,24.00,3,602,ใส
7/1/2023,19.00,2,727,ดำ
7/1/2023,20.00,5,1043,ต้มยำ
7/1/2023,18.00,7,1563,ใส
7/1/2023,18.00,5,1684,ดำ
7/1/2023,18.00,4,1064,ดำ
7/1/2023,21.00,4,935,ต้มยำ
7/1/2023,20.00,7,1976,ดำ
7/1/2023,21.00,2,721,ต้มยำ
7/1/2023,18.00,2,672,ต้มยำ
7/1/2023,19.00,3,778,ต้มยำ
7/1/2023,20.00,2,595,ดำ
7/1/2023,20.00,7,1687,หม่าล่า
8/1/2023,17.00,5,1093,ต้มยำ
8/1/2023,18.00,6,1853,ดำ
8/1/2023,17.00,2,627,ดำ
8/1/2023,17.00,4,1440,ใส
8/1/2023,17.00,4,1556,ใส
8/1/2023,21.00,4,1242,หม่าล่า
8/1/2023,19.00,7,1740,ดำ
8/1/2023,18.00,7,1567,ดำ
8/1/2023,18.00,5,1686,ดำ
8/1/2023,20.00,5,1764,ใส
8/1/2023,22.00,5,1415,หม่าล่า
8/1/2023,12.00,5,1178,ใส
8/1/2023,12.00,7,1696,ใส
8/1/2023,14.00,2,586,ต้มยำ
8/1/2023,15.00,3,1064,หม่าล่า
8/1/2023,17.00,4,1120,หม่าล่า
9/1/2023,15.00,4,1475,หม่าล่า
9/1/2023,14.00,2,766,ต้มยำ
9/1/2023,15.00,6,2088,หม่าล่า
9/1/2023,24.00,5,1149,ดำ
9/1/2023,12.00,6,1602,ใส
9/1/2023,22.00,7,2325,ดำ
9/1/2023,22.00,6,1466,หม่าล่า
9/1/2023,20.00,7,2462,ดำ
9/1/2023,20.00,3,1148,หม่าล่า
9/1/2023,15.00,6,2225,ดำ
9/1/2023,19.00,3,946,หม่าล่า
9/1/2023,7.00,6,2209,หม่าล่า
9/1/2023,5.00,5,1410,ต้มยำ
9/1/2023,23.00,6,1513,หม่าล่า
9/1/2023,11.00,5,1130,ดำ
9/1/2023,7.00,5,1034,ใส
9/1/2023,15.00,3,806,ดำ
9/1/2023,5.00,7,2119,หม่าล่า
9/1/2023,12.00,3,1183,ต้มยำ
9/1/2023,10.00,6,2354,หม่าล่า
9/1/2023,12.00,7,2564,ต้มยำ
9/1/2023,24.00,2,433,ดำ
9/1/2023,10.00,2,545,ดำ
9/1/2023,17.00,5,1046,หม่าล่า
10/1/2023,24.00,3,831,ต้มยำ
10/1/2023,21.00,7,2404,ต้มยำ
10/1/2023,23.00,5,1828,ต้มยำ
10/1/2023,5.00,7,2752,หม่าล่า
10/1/2023,9.00,2,558,ใส
10/1/2023,22.00,2,519,ต้มยำ
10/1/2023,15.00,4,1134,ดำ
10/1/2023,3.00,7,1941,ดำ
10/1/2023,20.00,4,1159,หม่าล่า
10/1/2023,15.00,2,571,หม่าล่า
10/1/2023,10.00,4,807,หม่าล่า
10/1/2023,4.00,5,1594,ดำ
10/1/2023,8.00,7,2021,ต้มยำ
10/1/2023,13.00,6,1621,หม่าล่า
10/1/2023,20.00,5,1497,ดำ
10/1/2023,14.00,7,2589,ใส
10/1/2023,9.00,7,1554,ดำ
10/1/2023,24.00,7,2299,ต้มยำ
11/1/2023,11.00,7,2462,ใส
11/1/2023,11.00,7,2557,ดำ
11/1/2023,9.00,4,991,ดำ
11/1/2023,10.00,5,1156,ใส
11/1/2023,20.00,5,1587,ต้มยำ
11/1/2023,24.00,6,2313,ดำ
11/1/2023,11.00,7,2598,ต้มยำ
11/1/2023,15.00,6,1552,ดำ
11/1/2023,23.00,2,581,หม่าล่า
11/1/2023,3.00,6,1595,หม่าล่า
11/1/2023,19.00,2,579,หม่าล่า
11/1/2023,9.00,6,1721,ต้มยำ
11/1/2023,4.00,7,1932,หม่าล่า
11/1/2023,14.00,7,1749,ต้มยำ
11/1/2023,6.00,2,626,ใส
11/1/2023,5.00,3,829,ต้มยำ
11/1/2023,4.00,5,1556,ใส
11/1/2023,3.00,2,606,หม่าล่า
11/1/2023,20.00,4,1079,หม่าล่า
11/1/2023,12.00,4,797,ดำ
11/1/2023,4.00,7,1498,ต้มยำ
11/1/2023,13.00,6,2007,ใส
12/1/2023,17.00,4,1002,หม่าล่า
12/1/2023,23.00,5,1404,ต้มยำ
12/1/2023,18.00,5,1248,ดำ
12/1/2023,7.00,4,1070,ใส
12/1/2023,12.00,2,434,ใส
12/1/2023,20.00,4,1059,ดำ
12/1/2023,6.00,6,1444,ต้มยำ
12/1/2023,11.00,5,1813,ดำ
12/1/2023,12.00,5,1454,ต้มยำ
12/1/2023,2.00,2,428,ต้มยำ
12/1/2023,17.00,5,1986,ดำ
12/1/2023,6.00,4,1250,ต้มยำ
13/1/2023,7.00,7,2038,ใส
13/1/2023,22.00,2,426,ดำ
13/1/2023,21.00,2,493,ต้มยำ
13/1/2023,18.00,7,2101,หม่าล่า
13/1/2023,10.00,2,788,ต้มยำ
13/1/2023,17.00,2,727,ต้มยำ
13/1/2023,16.00,6,1235,ดำ
13/1/2023,6.00,6,2328,หม่าล่า
13/1/2023,22.00,6,2288,ใส
13/1/2023,18.00,4,1102,หม่าล่า
13/1/2023,4.00,5,1926,ใส
13/1/2023,2.00,6,1657,ต้มยำ
13/1/2023,12.00,5,1880,ใส
13/1/2023,23.00,3,922,หม่าล่า
13/1/2023,22.00,5,1148,ดำ
13/1/2023,6.00,6,1302,ใส
13/1/2023,8.00,4,1481,หม่าล่า
13/1/2023,15.00,2,675,ใส
14/1/2023,20.00,2,443,ต้มยำ
14/1/2023,12.00,4,1291,ต้มยำ
14/1/2023,17.00,3,641,ดำ
14/1/2023,5.00,4,816,หม่าล่า
14/1/2023,19.00,7,2417,ดำ
14/1/2023,18.00,3,669,หม่าล่า
14/1/2023,3.00,2,797,ใส
14/1/2023,22.00,4,939,ต้มยำ
14/1/2023,6.00,7,1725,ใส
14/1/2023,14.00,6,1904,ดำ
14/1/2023,14.00,4,814,หม่าล่า
14/1/2023,14.00,3,749,หม่าล่า
14/1/2023,3.00,5,1466,ใส
14/1/2023,18.00,2,413,ดำ
14/1/2023,4.00,2,773,ใส
14/1/2023,23.00,5,1809,ต้มยำ
14/1/2023,17.00,3,1060,ต้มยำ
14/1/2023,21.00,4,1436,ดำ
14/1/2023,3.00,7,2013,ดำ
14/1/2023,17.00,3,715,ต้มยำ
14/1/2023,11.00,7,2769,หม่าล่า
15/1/2023,2.00,5,1354,ดำ
15/1/2023,8.00,3,1064,หม่าล่า
15/1/2023,23.00,2,644,หม่าล่า
15/1/2023,2.00,3,867,ดำ
15/1/2023,4.00,5,1776,ดำ
15/1/2023,11.00,4,815,ใส
15/1/2023,20.00,3,1087,ใส
15/1/2023,23.00,2,651,ดำ
15/1/2023,17.00,6,1478,ต้มยำ
15/1/2023,7.00,4,815,ใส
15/1/2023,23.00,7,1541,ใส
15/1/2023,17.00,7,2294,ดำ
15/1/2023,4.00,4,1209,ต้มยำ
16/1/2023,14.00,5,1114,ใส
16/1/2023,2.00,5,1175,ดำ
16/1/2023,8.00,4,846,ดำ
16/1/2023,14.00,2,647,ดำ
16/1/2023,18.00,4,927,หม่าล่า
16/1/2023,9.00,4,864,ต้มยำ
16/1/2023,7.00,7,2144,ใส
16/1/2023,6.00,3,810,ต้มยำ
16/1/2023,7.00,2,700,ดำ
16/1/2023,22.00,6,1817,ดำ
16/1/2023,14.00,6,2074,ต้มยำ
16/1/2023,20.00,5,1863,ต้มยำ
16/1/2023,12.00,2,464,ต้มยำ
16/1/2023,3.00,6,1416,หม่าล่า
16/1/2023,22.00,5,1334,ดำ
16/1/2023,5.00,2,523,หม่าล่า
16/1/2023,17.00,2,449,หม่าล่า
16/1/2023,8.00,2,407,ดำ
16/1/2023,5.00,3,1039,ต้มยำ
16/1/2023,12.00,7,2774,หม่าล่า
16/1/2023,10.00,6,1874,ดำ
17/1/2023,11.00,7,1742,ดำ
17/1/2023,21.00,7,1789,ใส
17/1/2023,19.00,4,1463,หม่าล่า
17/1/2023,14.00,7,2718,หม่าล่า
17/1/2023,11.00,4,852,หม่าล่า
17/1/2023,6.00,4,1490,ต้มยำ
17/1/2023,11.00,5,1384,ดำ
17/1/2023,8.00,7,1801,ใส
17/1/2023,18.00,7,2200,ดำ
17/1/2023,14.00,4,926,ดำ
17/1/2023,6.00,4,1314,ต้มยำ
17/1/2023,2.00,2,425,ต้มยำ
17/1/2023,6.00,3,708,ใส
17/1/2023,15.00,3,757,ต้มยำ
17/1/2023,2.00,7,2472,ดำ
17/1/2023,7.00,6,1831,ต้มยำ
17/1/2023,8.00,4,1286,หม่าล่า
18/1/2023,22.00,7,1495,ดำ
18/1/2023,18.00,2,579,หม่าล่า
18/1/2023,11.00,2,775,ต้มยำ
18/1/2023,12.00,7,1657,ใส
18/1/2023,23.00,5,1188,ดำ
18/1/2023,3.00,4,1166,ต้มยำ
18/1/2023,21.00,6,2045,ดำ
18/1/2023,6.00,2,435,ต้มยำ
18/1/2023,23.00,3,1028,หม่าล่า
18/1/2023,14.00,2,750,หม่าล่า
18/1/2023,21.00,5,1263,ดำ
18/1/2023,24.00,4,1571,ใส
18/1/2023,14.00,5,1769,ต้มยำ
18/1/2023,9.00,2,707,หม่าล่า
18/1/2023,8.00,7,2118,ใส
18/1/2023,3.00,3,872,ต้มยำ
18/1/2023,18.00,7,1660,หม่าล่า
18/1/2023,8.00,5,1824,ใส
18/1/2023,9.00,7,1496,ใส
18/1/2023,20.00,3,655,ใส
18/1/2023,16.00,6,1257,หม่าล่า
18/1/2023,10.00,2,497,หม่าล่า
18/1/2023,22.00,7,1872,ดำ
18/1/2023,9.00,2,627,หม่าล่า
18/1/2023,23.00,2,731,หม่าล่า
18/1/2023,6.00,6,2382,ใส
18/1/2023,19.00,3,933,ต้มยำ
19/1/2023,18.00,3,763,ต้มยำ
19/1/2023,7.00,7,1615,ดำ
19/1/2023,24.00,4,1188,หม่าล่า
19/1/2023,14.00,5,1118,ดำ
19/1/2023,11.00,7,1867,หม่าล่า
19/1/2023,17.00,7,2788,ดำ
19/1/2023,2.00,3,1024,ดำ
19/1/2023,8.00,6,2105,ใส
19/1/2023,2.00,3,1175,ดำ
19/1/2023,4.00,7,1404,ต้มยำ
19/1/2023,14.00,3,1038,ใส
19/1/2023,16.00,3,959,หม่าล่า
19/1/2023,11.00,3,918,ใส
19/1/2023,9.00,3,903,หม่าล่า
19/1/2023,15.00,6,1746,ดำ
19/1/2023,4.00,7,1850,ใส
20/1/2023,19.00,2,677,ดำ
20/1/2023,3.00,3,1047,ดำ
20/1/2023,24.00,6,1282,ต้มยำ
20/1/2023,4.00,2,563,ต้มยำ
20/1/2023,5.00,5,1567,หม่าล่า
20/1/2023,24.00,3,778,ดำ
20/1/2023,7.00,2,519,ดำ
20/1/2023,5.00,2,772,หม่าล่า
20/1/2023,23.00,5,1275,ใส
20/1/2023,17.00,3,1058,หม่าล่า
20/1/2023,24.00,2,702,ต้มยำ
20/1/2023,12.00,7,1926,ดำ
20/1/2023,5.00,5,1840,ใส
20/1/2023,4.00,7,1626,ดำ
20/1/2023,13.00,3,597,หม่าล่า
20/1/2023,13.00,4,1086,ใส
20/1/2023,2.00,7,2629,ต้มยำ
20/1/2023,17.00,6,1769,ใส
20/1/2023,24.00,4,1488,หม่าล่า
20/1/2023,7.00,4,925,ใส
21/1/2023,24.00,5,1214,ดำ
21/1/2023,7.00,2,732,ใส
21/1/2023,3.00,5,1758,ต้มยำ
21/1/2023,8.00,4,856,ดำ
21/1/2023,16.00,2,624,ต้มยำ
21/1/2023,2.00,4,934,หม่าล่า
21/1/2023,13.00,5,1836,ใส
21/1/2023,13.00,5,1141,หม่าล่า
21/1/2023,16.00,2,777,ใส
21/1/2023,16.00,7,2009,ใส
21/1/2023,12.00,4,1404,ดำ
21/1/2023,16.00,3,692,ต้มยำ
21/1/2023,11.00,3,815,ต้มยำ
21/1/2023,2.00,6,1818,ดำ
21/1/2023,7.00,7,2644,ดำ
21/1/2023,2.00,7,1606,หม่าล่า
21/1/2023,13.00,6,1453,ดำ
21/1/2023,22.00,2,645,ดำ
21/1/2023,24.00,4,1386,หม่าล่า
21/1/2023,10.00,3,688,ดำ
22/1/2023,10.00,3,620,หม่าล่า
22/1/2023,15.00,2,788,ใส
22/1/2023,10.00,4,1458,หม่าล่า
22/1/2023,4.00,3,808,ใส
22/1/2023,9.00,6,1468,ใส
22/1/2023,14.00,5,1202,หม่าล่า
22/1/2023,15.00,6,1253,หม่าล่า
22/1/2023,4.00,6,1381,ดำ
22/1/2023,5.00,4,944,หม่าล่า
22/1/2023,7.00,6,1758,ใส
22/1/2023,6.00,3,735,หม่าล่า
22/1/2023,17.00,5,1063,ดำ
22/1/2023,5.00,4,1056,ดำ
22/1/2023,10.00,4,1340,ดำ
22/1/2023,18.00,2,463,ต้มยำ
22/1/2023,16.00,5,1233,ต้มยำ
22/1/2023,7.00,5,1204,ต้มยำ
22/1/2023,14.00,5,1465,หม่าล่า
22/1/2023,22.00,5,1213,ใส
22/1/2023,5.00,4,1417,ดำ
22/1/2023,2.00,5,1713,ใส
22/1/2023,4.00,7,2251,ต้มยำ
22/1/2023,3.00,2,775,ดำ
22/1/2023,4.00,7,1735,ดำ
23/1/2023,16.00,5,1760,ต้มยำ
23/1/2023,21.00,3,664,ต้มยำ
23/1/2023,9.00,3,1167,ต้มยำ
23/1/2023,20.00,6,2323,ดำ
23/1/2023,11.00,2,732,ใส
23/1/2023,24.00,2,612,ดำ
23/1/2023,21.00,6,1927,หม่าล่า
23/1/2023,22.00,5,1572,ดำ
23/1/2023,11.00,7,1680,ดำ
23/1/2023,15.00,5,1836,ดำ
23/1/2023,4.00,4,1226,หม่าล่า
23/1/2023,6.00,2,563,หม่าล่า
23/1/2023,8.00,2,744,ใส
23/1/2023,12.00,4,950,ใส
23/1/2023,23.00,7,2715,ดำ
23/1/2023,24.00,2,765,หม่าล่า
23/1/2023,11.00,4,1078,ต้มยำ
23/1/2023,21.00,5,1165,ใส
24/1/2023,4.00,5,1640,ใส
24/1/2023,20.00,7,2719,ใส
24/1/2023,18.00,7,1849,หม่าล่า
24/1/2023,4.00,2,695,ต้มยำ
24/1/2023,20.00,2,597,ต้มยำ
24/1/2023,6.00,3,648,หม่าล่า
24/1/2023,6.00,3,1026,ดำ
24/1/2023,7.00,5,1280,ใส
24/1/2023,22.00,6,1900,ต้มยำ
24/1/2023,4.00,4,1299,ดำ
24/1/2023,20.00,3,842,ต้มยำ
24/1/2023,8.00,2,566,ต้มยำ
24/1/2023,22.00,5,1330,หม่าล่า
24/1/2023,20.00,7,1850,ต้มยำ
24/1/2023,2.00,4,1545,ต้มยำ
25/1/2023,16.00,2,742,ใส
25/1/2023,23.00,2,427,หม่าล่า
25/1/2023,11.00,5,1967,ใส
25/1/2023,11.00,4,862,ต้มยำ
25/1/2023,6.00,3,779,ดำ
25/1/2023,11.00,5,1591,ดำ
25/1/2023,24.00,6,1277,ใส
25/1/2023,9.00,6,2052,หม่าล่า
25/1/2023,16.00,4,1480,ดำ
25/1/2023,23.00,2,764,หม่าล่า
25/1/2023,10.00,4,1488,ดำ
25/1/2023,4.00,5,1002,ดำ
25/1/2023,13.00,5,1410,ต้มยำ
25/1/2023,19.00,4,1030,หม่าล่า
25/1/2023,20.00,2,620,ใส
25/1/2023,18.00,2,543,หม่าล่า
25/1/2023,16.00,2,506,ต้มยำ
25/1/2023,8.00,2,511,ดำ
25/1/2023,2.00,6,1642,ต้มยำ
25/1/2023,20.00,7,2066,ใส
25/1/2023,5.00,2,598,ดำ
25/1/2023,6.00,7,1758,ต้มยำ
25/1/2023,21.00,3,1175,ต้มยำ
26/1/2023,7.00,6,1450,ต้มยำ
26/1/2023,15.00,3,799,ต้มยำ
26/1/2023,19.00,5,1687,ใส
26/1/2023,11.00,6,1216,หม่าล่า
26/1/2023,19.00,5,1993,ใส
26/1/2023,5.00,4,1134,หม่าล่า
26/1/2023,23.00,2,418,หม่าล่า
26/1/2023,21.00,4,1416,ดำ
26/1/2023,23.00,3,951,ใส
26/1/2023,11.00,6,1530,ดำ
26/1/2023,12.00,7,1697,ต้มยำ
26/1/2023,23.00,6,1752,ดำ
26/1/2023,22.00,6,2245,ใส
26/1/2023,10.00,2,509,ใส
26/1/2023,2.00,6,1842,ใส
27/1/2023,23.00,5,1932,ใส
27/1/2023,18.00,3,841,ใส
27/1/2023,17.00,4,864,ต้มยำ
27/1/2023,19.00,7,1787,ต้มยำ
27/1/2023,9.00,6,1449,หม่าล่า
27/1/2023,10.00,3,739,หม่าล่า
27/1/2023,9.00,3,755,ดำ
27/1/2023,14.00,5,1254,หม่าล่า
27/1/2023,10.00,3,1143,หม่าล่า
27/1/2023,12.00,6,2352,หม่าล่า
27/1/2023,4.00,6,1457,ดำ
27/1/2023,6.00,3,658,ต้มยำ
27/1/2023,4.00,6,1420,ใส
27/1/2023,11.00,4,991,หม่าล่า
27/1/2023,10.00,7,2549,ใส
27/1/2023,8.00,6,1913,ใส
27/1/2023,5.00,7,2236,ดำ
27/1/2023,20.00,7,1819,ต้มยำ
27/1/2023,21.00,6,2389,ดำ
27/1/2023,16.00,7,1751,ต้มยำ
27/1/2023,13.00,2,410,หม่าล่า
27/1/2023,11.00,5,1657,หม่าล่า
27/1/2023,19.00,3,720,หม่าล่า
27/1/2023,18.00,7,2311,ดำ
27/1/2023,21.00,6,2154,ต้มยำ
27/1/2023,17.00,3,722,ใส
27/1/2023,19.00,6,1705,หม่าล่า
27/1/2023,18.00,3,1136,หม่าล่า
27/1/2023,16.00,6,2257,ดำ
28/1/2023,18.00,2,496,ใส
28/1/2023,21.00,4,974,ต้มยำ
28/1/2023,20.00,2,552,ดำ
28/1/2023,16.00,4,990,ต้มยำ
28/1/2023,20.00,2,471,ดำ
28/1/2023,21.00,5,1308,ต้มยำ
28/1/2023,18.00,4,1064,ต้มยำ
28/1/2023,16.00,6,2301,ดำ
28/1/2023,16.00,5,1187,ใส
28/1/2023,20.00,6,1234,หม่าล่า
28/1/2023,19.00,4,882,ดำ
28/1/2023,20.00,2,445,ต้มยำ
28/1/2023,17.00,6,1573,ดำ
28/1/2023,21.00,2,667,ดำ
28/1/2023,21.00,3,1047,ใส
28/1/2023,17.00,7,1807,หม่าล่า
28/1/2023,20.00,3,1169,หม่าล่า
28/1/2023,21.00,3,686,ใส
28/1/2023,18.00,7,2308,หม่าล่า
28/1/2023,16.00,2,593,หม่าล่า
28/1/2023,21.00,6,1497,ต้มยำ
28/1/2023,18.00,2,587,หม่าล่า
28/1/2023,20.00,3,667,ใส
28/1/2023,19.00,6,1315,ใส
28/1/2023,19.00,7,2705,ต้มยำ
28/1/2023,21.00,2,604,หม่าล่า
29/1/2023,17.00,6,1773,ดำ
29/1/2023,19.00,4,1322,ดำ
29/1/2023,17.00,4,1046,ใส
29/1/2023,17.00,5,1105,หม่าล่า
29/1/2023,17.00,5,1380,ต้มยำ
29/1/2023,17.00,5,1455,หม่าล่า
29/1/2023,20.00,2,671,หม่าล่า
29/1/2023,18.00,5,1309,ดำ
29/1/2023,21.00,2,466,ต้มยำ
29/1/2023,16.00,3,972,หม่าล่า
29/1/2023,21.00,3,1046,ดำ
29/1/2023,20.00,7,2415,ใส
29/1/2023,16.00,5,1184,ใส
29/1/2023,17.00,2,779,ต้มยำ
29/1/2023,19.00,6,1756,ใส
29/1/2023,19.00,6,1813,ใส
29/1/2023,18.00,5,1121,ใส
30/1/2023,20.00,6,1704,ต้มยำ
30/1/2023,16.00,4,1074,ดำ
30/1/2023,21.00,3,862,ต้มยำ
30/1/2023,19.00,3,924,ใส
30/1/2023,18.00,7,2472,หม่าล่า
30/1/2023,17.00,2,693,หม่าล่า
30/1/2023,17.00,4,1054,ต้มยำ
30/1/2023,16.00,4,1399,ต้มยำ
30/1/2023,18.00,7,1786,ดำ
30/1/2023,19.00,7,1675,หม่าล่า
30/1/2023,18.00,5,1203,ต้มยำ
30/1/2023,19.00,2,482,ใส
30/1/2023,16.00,5,1595,ต้มยำ
30/1/2023,16.00,4,1401,หม่าล่า
31/1/2023,16.00,7,1591,ใส
31/1/2023,20.00,6,1541,ต้มยำ
31/1/2023,21.00,4,1346,ดำ
31/1/2023,17.00,4,1204,ดำ
31/1/2023,17.00,7,2507,ต้มยำ
31/1/2023,20.00,3,670,หม่าล่า
31/1/2023,17.00,3,629,ใส
31/1/2023,17.00,2,777,ต้มยำ
31/1/2023,20.00,7,2058,ใส
31/1/2023,19.00,6,1609,ต้มยำ
31/1/2023,18.00,4,1317,หม่าล่า
31/1/2023,20.00,5,1283,ดำ
31/1/2023,16.00,7,1741,หม่าล่า
31/1/2023,18.00,7,1394,ใส
31/1/2023,21.00,3,625,ต้มยำ
31/1/2023,16.00,5,1458,ใส
31/1/2023,16.00,5,1540,ต้มยำ
1/2/2023,19.00,4,1193,ดำ
1/2/2023,17.00,5,1256,ดำ
1/2/2023,17.00,5,1812,ดำ
1/2/2023,17.00,7,1433,ต้มยำ
1/2/2023,16.00,5,1822,หม่าล่า
1/2/2023,21.00,7,1736,หม่าล่า
1/2/2023,18.00,5,1675,ดำ
1/2/2023,16.00,4,1419,ต้มยำ
1/2/2023,21.00,4,895,ใส
1/2/2023,16.00,7,1775,ดำ
1/2/2023,17.00,6,1613,ต้มยำ
1/2/2023,16.00,3,660,ต้มยำ
1/2/2023,20.00,2,632,ใส
1/2/2023,16.00,7,1931,ใส
1/2/2023,21.00,2,468,ต้มยำ
1/2/2023,18.00,7,2773,ดำ
2/2/2023,16.00,6,1640,ดำ
2/2/2023,19.00,3,732,ต้มยำ
2/2/2023,17.00,5,1456,ต้มยำ
2/2/2023,20.00,4,864,ใส
2/2/2023,19.00,6,1803,หม่าล่า
2/2/2023,16.00,5,1130,หม่าล่า
2/2/2023,19.00,7,1794,ต้มยำ
2/2/2023,17.00,3,825,หม่าล่า
2/2/2023,16.00,2,553,หม่าล่า
2/2/2023,18.00,4,825,หม่าล่า
2/2/2023,21.00,7,1590,ใส
2/2/2023,17.00,7,1631,ต้มยำ
2/2/2023,21.00,5,1269,ดำ
3/2/2023,16.00,7,1440,ใส
3/2/2023,17.00,5,1548,ใส
3/2/2023,16.00,6,1413,ต้มยำ
3/2/2023,19.00,4,920,หม่าล่า
3/2/2023,18.00,2,515,ต้มยำ
3/2/2023,19.00,4,804,ใส
3/2/2023,19.00,6,1616,หม่าล่า
3/2/2023,16.00,6,1294,หม่าล่า
3/2/2023,17.00,5,1785,ต้มยำ
3/2/2023,19.00,2,748,ต้มยำ
3/2/2023,19.00,5,1774,ใส
3/2/2023,16.00,2,655,ต้มยำ
3/2/2023,20.00,2,687,หม่าล่า
3/2/2023,17.00,7,2265,ใส
3/2/2023,16.00,3,993,หม่าล่า
3/2/2023,21.00,5,1995,ต้มยำ
3/2/2023,18.00,6,1594,ดำ
3/2/2023,20.00,2,658,หม่าล่า
3/2/2023,21.00,5,1291,ใส
3/2/2023,20.00,3,969,ดำ
3/2/2023,17.00,5,1024,หม่าล่า
3/2/2023,20.00,6,1197,ใส
3/2/2023,16.00,3,860,ดำ
3/2/2023,21.00,4,1060,ต้มยำ
4/2/2023,21.00,6,1281,หม่าล่า
4/2/2023,18.00,3,1169,ดำ
4/2/2023,16.00,3,785,ดำ
4/2/2023,20.00,5,1328,ต้มยำ
4/2/2023,16.00,5,1146,ดำ
4/2/2023,21.00,4,1233,ดำ
4/2/2023,18.00,2,752,ใส
4/2/2023,18.00,7,2757,ใส
4/2/2023,18.00,2,774,ดำ
4/2/2023,21.00,2,629,ใส
4/2/2023,21.00,4,1476,ใส
4/2/2023,19.00,7,2187,ดำ
4/2/2023,19.00,3,686,ดำ
4/2/2023,17.00,7,2060,ใส
4/2/2023,8.00,4,1538,ใส
4/2/2023,10.00,6,2324,ดำ
4/2/2023,22.00,7,1720,ใส
5/2/2023,16.00,6,1967,ใส
5/2/2023,19.00,2,729,ต้มยำ
5/2/2023,10.00,5,1315,ต้มยำ
5/2/2023,15.00,6,2157,หม่าล่า
5/2/2023,21.00,5,1676,ต้มยำ
5/2/2023,20.00,5,1225,ใส
5/2/2023,11.00,3,827,ต้มยำ
5/2/2023,5.00,6,1969,ใส
5/2/2023,12.00,3,886,หม่าล่า
5/2/2023,16.00,5,1519,หม่าล่า
5/2/2023,17.00,7,2774,หม่าล่า
5/2/2023,11.00,5,1902,ใส
5/2/2023,16.00,2,524,ดำ
6/2/2023,20.00,4,1586,ดำ
6/2/2023,22.00,4,1210,ใส
6/2/2023,19.00,7,1922,ต้มยำ
6/2/2023,4.00,2,444,ดำ
6/2/2023,7.00,5,1643,ดำ
6/2/2023,14.00,4,917,ดำ
6/2/2023,7.00,2,647,ต้มยำ
6/2/2023,2.00,6,1540,ต้มยำ
6/2/2023,14.00,2,614,ใส
6/2/2023,2.00,7,2061,หม่าล่า
6/2/2023,3.00,6,1478,ใส
6/2/2023,14.00,6,2018,ใส
6/2/2023,10.00,2,541,หม่าล่า
6/2/2023,22.00,4,1386,ต้มยำ
6/2/2023,13.00,3,1067,ต้มยำ
6/2/2023,7.00,6,1207,ต้มยำ
6/2/2023,9.00,3,637,ใส
6/2/2023,3.00,4,1235,ดำ
6/2/2023,23.00,4,1411,ดำ
6/2/2023,16.00,3,827,ใส
6/2/2023,18.00,6,1272,ใส
6/2/2023,14.00,4,1350,หม่าล่า
7/2/2023,10.00,6,1699,หม่าล่า
7/2/2023,19.00,6,1698,ต้มยำ
7/2/2023,4.00,6,1222,ต้มยำ
7/2/2023,7.00,6,1340,ใส
7/2/2023,22.00,6,1732,ต้มยำ
7/2/2023,3.00,5,1701,ใส
7/2/2023,3.00,5,1189,หม่าล่า
7/2/2023,11.00,5,1362,ดำ
7/2/2023,3.00,2,711,ดำ
7/2/2023,11.00,4,1076,ดำ
7/2/2023,19.00,5,1790,ต้มยำ
8/2/2023,20.00,2,642,ใส
8/2/2023,10.00,4,1593,ต้มยำ
8/2/2023,7.00,4,1446,ใส
8/2/2023,8.00,5,1723,ต้มยำ
8/2/2023,5.00,4,1518,หม่าล่า
8/2/2023,13.00,6,1565,หม่าล่า
8/2/2023,11.00,5,1058,ใส
8/2/2023,21.00,4,1000,ต้มยำ
8/2/2023,2.00,6,1755,ใส
8/2/2023,7.00,2,650,ดำ
8/2/2023,7.00,4,1037,ใส
8/2/2023,5.00,5,1365,หม่าล่า
8/2/2023,24.00,4,1027,ต้มยำ
8/2/2023,8.00,5,1983,หม่าล่า
8/2/2023,7.00,7,1926,หม่าล่า
8/2/2023,24.00,6,2231,ต้มยำ
8/2/2023,3.00,5,1511,ต้มยำ
8/2/2023,3.00,7,1574,ใส
8/2/2023,20.00,7,2435,หม่าล่า
8/2/2023,11.00,7,2223,หม่าล่า
8/2/2023,21.00,3,993,ดำ
9/2/2023,6.00,2,590,ต้มยำ
9/2/2023,15.00,3,911,ใส
9/2/2023,19.00,5,1876,ใส
9/2/2023,16.00,6,1896,หม่าล่า
9/2/2023,6.00,4,1169,หม่าล่า
9/2/2023,16.00,3,1181,หม่าล่า
9/2/2023,10.00,7,2525,ต้มยำ
9/2/2023,3.00,4,1503,ดำ
9/2/2023,11.00,2,472,ดำ
9/2/2023,7.00,5,998,ใส
9/2/2023,5.00,7,1849,ดำ
9/2/2023,16.00,4,827,ใส
9/2/2023,2.00,7,2342,ดำ
9/2/2023,24.00,5,1031,ต้มยำ
9/2/2023,14.00,7,2109,ใส
9/2/2023,8.00,2,415,ใส
9/2/2023,19.00,2,654,ดำ
9/2/2023,15.00,7,1590,ต้มยำ
9/2/2023,15.00,7,1706,ใส
9/2/2023,13.00,5,1342,ต้มยำ
10/2/2023,24.00,3,705,ดำ
10/2/2023,19.00,5,1132,ต้มยำ
10/2/2023,22.00,7,1413,ต้มยำ
10/2/2023,2.00,6,1860,ใส
10/2/2023,18.00,5,1815,หม่าล่า
10/2/2023,4.00,5,1209,ใส
10/2/2023,20.00,6,2066,หม่าล่า
10/2/2023,6.00,2,601,หม่าล่า
10/2/2023,16.00,2,495,ใส
10/2/2023,19.00,7,1627,ต้มยำ
10/2/2023,8.00,2,723,ใส
10/2/2023,24.00,6,1224,ใส
10/2/2023,17.00,3,685,ต้มยำ
10/2/2023,20.00,4,943,ต้มยำ
10/2/2023,14.00,7,2748,ใส
10/2/2023,10.00,3,599,ต้มยำ
10/2/2023,8.00,2,686,ใส
10/2/2023,3.00,4,1308,ใส
10/2/2023,24.00,5,1914,ต้มยำ
10/2/2023,15.00,6,2019,ต้มยำ
10/2/2023,3.00,2,498,ใส
10/2/2023,23.00,4,1065,ต้มยำ
10/2/2023,20.00,6,2054,ต้มยำ
10/2/2023,2.00,2,400,ดำ
11/2/2023,22.00,4,1404,ต้มยำ
11/2/2023,5.00,3,798,ใส
11/2/2023,6.00,3,976,ดำ
11/2/2023,15.00,4,1516,ใส
11/2/2023,12.00,3,857,หม่าล่า
11/2/2023,20.00,3,1054,ดำ
11/2/2023,20.00,3,815,ต้มยำ
11/2/2023,18.00,5,1539,ใส
11/2/2023,5.00,2,589,หม่าล่า
11/2/2023,5.00,4,1180,ใส
11/2/2023,3.00,4,1054,ใส
11/2/2023,24.00,6,2004,ใส
11/2/2023,18.00,2,788,หม่าล่า
11/2/2023,24.00,6,1250,หม่าล่า
11/2/2023,14.00,5,1241,ดำ
11/2/2023,18.00,5,1430,หม่าล่า
11/2/2023,4.00,2,416,ใส
11/2/2023,11.00,6,1772,ใส
11/2/2023,22.00,7,2370,ดำ
11/2/2023,20.00,2,620,ดำ
11/2/2023,7.00,5,1266,ต้มยำ
11/2/2023,15.00,2,575,ต้มยำ
12/2/2023,20.00,7,2488,ดำ
12/2/2023,11.00,3,633,ต้มยำ
12/2/2023,7.00,5,1669,ต้มยำ
12/2/2023,21.00,3,856,ใส
12/2/2023,24.00,3,918,หม่าล่า
12/2/2023,17.00,6,1730,ใส
12/2/2023,6.00,6,2362,ต้มยำ
12/2/2023,2.00,4,1531,ใส
12/2/2023,18.00,7,1982,ใส
12/2/2023,3.00,3,779,หม่าล่า
12/2/2023,21.00,6,1777,ต้มยำ
12/2/2023,10.00,7,1728,ใส
12/2/2023,14.00,6,1605,ต้มยำ
12/2/2023,22.00,6,1887,ดำ
12/2/2023,15.00,3,1055,ต้มยำ
12/2/2023,20.00,6,2383,หม่าล่า
12/2/2023,16.00,3,624,ใส
12/2/2023,9.00,5,1522,ดำ
12/2/2023,3.00,5,1028,ต้มยำ
12/2/2023,11.00,7,2756,ดำ
12/2/2023,18.00,7,1567,ต้มยำ
13/2/2023,14.00,6,1732,หม่าล่า
13/2/2023,10.00,6,1503,ใส
13/2/2023,22.00,7,2695,หม่าล่า
13/2/2023,10.00,6,2057,ต้มยำ
13/2/2023,20.00,7,1639,ใส
13/2/2023,12.00,2,615,ใส
13/2/2023,11.00,4,1153,ใส
13/2/2023,13.00,7,1702,ใส
13/2/2023,11.00,4,1576,ดำ
13/2/2023,24.00,2,580,หม่าล่า
13/2/2023,11.00,7,1621,หม่าล่า
13/2/2023,21.00,6,1700,ใส
13/2/2023,6.00,6,2273,หม่าล่า
13/2/2023,14.00,7,2671,ใส
13/2/2023,12.00,2,430,ดำ
13/2/2023,18.00,3,1161,ใส
14/2/2023,18.00,2,610,หม่าล่า
14/2/2023,16.00,4,810,ต้มยำ
14/2/2023,3.00,6,1641,ดำ
14/2/2023,17.00,6,2363,ดำ
14/2/2023,10.00,7,2299,ใส
14/2/2023,2.00,6,1465,ต้มยำ
14/2/2023,2.00,6,1269,ต้มยำ
14/2/2023,2.00,7,1711,ต้มยำ
14/2/2023,19.00,3,608,ดำ
14/2/2023,11.00,4,1050,หม่าล่า
14/2/2023,16.00,7,2681,หม่าล่า
14/2/2023,20.00,4,945,ต้มยำ
14/2/2023,16.00,2,494,ดำ
14/2/2023,21.00,6,1279,ต้มยำ
14/2/2023,21.00,6,2286,ต้มยำ
15/2/2023,16.00,4,1567,ใส
15/2/2023,5.00,7,2254,ใส
15/2/2023,11.00,5,1210,หม่าล่า
15/2/2023,15.00,7,1650,หม่าล่า
15/2/2023,9.00,2,433,หม่าล่า
15/2/2023,20.00,6,2335,ใส
15/2/2023,6.00,2,772,ดำ
15/2/2023,5.00,7,1400,ดำ
15/2/2023,5.00,7,2656,ดำ
15/2/2023,23.00,3,1124,ต้มยำ
15/2/2023,2.00,4,840,หม่าล่า
15/2/2023,12.00,4,1239,ดำ
15/2/2023,24.00,6,1284,ใส
15/2/2023,7.00,6,1830,ต้มยำ
15/2/2023,23.00,7,2230,ดำ
15/2/2023,11.00,7,2567,ต้มยำ
15/2/2023,12.00,5,1245,ต้มยำ
15/2/2023,12.00,7,2608,ใส
15/2/2023,3.00,4,1595,หม่าล่า
15/2/2023,13.00,7,2248,หม่าล่า
15/2/2023,3.00,6,1712,ใส
15/2/2023,22.00,2,647,หม่าล่า
16/2/2023,19.00,4,1288,ใส
16/2/2023,3.00,5,1343,หม่าล่า
16/2/2023,23.00,6,1709,ต้มยำ
16/2/2023,3.00,6,2121,ดำ
16/2/2023,5.00,7,2496,หม่าล่า
16/2/2023,23.00,5,1295,ต้มยำ
16/2/2023,18.00,2,761,ใส
16/2/2023,12.00,5,1007,หม่าล่า
16/2/2023,12.00,3,1184,ดำ
16/2/2023,12.00,3,1065,ดำ
16/2/2023,19.00,4,922,ดำ
16/2/2023,3.00,3,934,ต้มยำ
16/2/2023,7.00,3,766,ใส
16/2/2023,4.00,4,1540,ต้มยำ
16/2/2023,20.00,7,2189,หม่าล่า
16/2/2023,18.00,4,1401,ใส
16/2/2023,13.00,7,1677,ต้มยำ
16/2/2023,20.00,4,1210,หม่าล่า
16/2/2023,5.00,7,1797,ดำ
16/2/2023,6.00,7,2464,ดำ
17/2/2023,2.00,4,1161,ดำ
17/2/2023,20.00,7,2640,ดำ
17/2/2023,4.00,2,464,ดำ
17/2/2023,19.00,6,1710,ใส
17/2/2023,12.00,7,2446,ดำ
17/2/2023,21.00,7,1930,ใส
17/2/2023,2.00,4,1564,หม่าล่า
17/2/2023,2.00,6,1573,ดำ
17/2/2023,22.00,7,2392,ดำ
17/2/2023,12.00,4,816,ใส
17/2/2023,4.00,5,1438,หม่าล่า
17/2/2023,17.00,3,717,ใส
17/2/2023,15.00,2,441,ใส
17/2/2023,10.00,6,1211,ดำ
17/2/2023,12.00,7,1399,ดำ
17/2/2023,24.00,3,727,หม่าล่า
17/2/2023,11.00,7,2103,ต้มยำ
17/2/2023,7.00,3,874,ใส
17/2/2023,23.00,5,1718,ดำ
17/2/2023,14.00,4,1511,ใส
18/2/2023,15.00,4,1549,ดำ
18/2/2023,16.00,3,1152,ใส
18/2/2023,7.00,3,662,ใส
18/2/2023,23.00,7,1576,ดำ
18/2/2023,9.00,6,1898,ต้มยำ
18/2/2023,9.00,2,761,ดำ
18/2/2023,13.00,4,822,ใส
18/2/2023,14.00,2,681,หม่าล่า
18/2/2023,9.00,4,1435,ใส
18/2/2023,14.00,7,1588,หม่าล่า
18/2/2023,5.00,7,2396,ต้มยำ
18/2/2023,18.00,7,1499,หม่าล่า
18/2/2023,23.00,2,683,หม่าล่า
18/2/2023,5.00,6,2008,หม่าล่า
18/2/2023,24.00,2,672,ดำ
18/2/2023,13.00,3,744,ดำ
18/2/2023,20.00,7,1939,ใส
19/2/2023,16.00,7,1719,ใส
19/2/2023,19.00,3,1077,หม่าล่า
19/2/2023,6.00,4,1188,หม่าล่า
19/2/2023,19.00,3,1017,ต้มยำ
19/2/2023,6.00,6,1382,ต้มยำ
19/2/2023,16.00,4,1081,ดำ
19/2/2023,11.00,5,1685,ต้มยำ
19/2/2023,13.00,4,1522,ดำ
19/2/2023,20.00,7,2510,ดำ
19/2/2023,24.00,4,1111,หม่าล่า
19/2/2023,4.00,2,724,ต้มยำ
19/2/2023,22.00,4,1521,ใส
19/2/2023,18.00,4,1115,หม่าล่า
19/2/2023,11.00,2,664,ต้มยำ
19/2/2023,18.00,5,1240,ดำ
19/2/2023,21.00,6,1887,ใส
19/2/2023,21.00,3,635,ใส
19/2/2023,16.00,7,1641,ใส
19/2/2023,19.00,2,714,ใส
19/2/2023,16.00,5,1282,หม่าล่า
19/2/2023,20.00,4,1333,หม่าล่า
19/2/2023,16.00,4,1324,ดำ
19/2/2023,19.00,5,1524,ต้มยำ
19/2/2023,21.00,3,616,ดำ
20/2/2023,18.00,7,2120,ใส
20/2/2023,21.00,2,634,ใส
20/2/2023,21.00,5,1690,หม่าล่า
20/2/2023,17.00,5,1098,หม่าล่า
20/2/2023,16.00,7,1895,ต้มยำ
20/2/2023,16.00,6,2264,ดำ
20/2/2023,21.00,3,1188,ดำ
20/2/2023,19.00,4,1198,ต้มยำ
20/2/2023,19.00,4,1025,ใส
20/2/2023,21.00,5,1547,ใส
20/2/2023,20.00,2,556,ใส
20/2/2023,17.00,4,945,ดำ
20/2/2023,19.00,2,662,ต้มยำ
20/2/2023,17.00,3,1026,ดำ
20/2/2023,17.00,5,1524,ต้มยำ
20/2/2023,18.00,3,723,ดำ
20/2/2023,16.00,2,410,หม่าล่า
20/2/2023,21.00,3,1071,หม่าล่า
20/2/2023,20.00,3,1089,ต้มยำ
21/2/2023,16.00,6,1805,ใส
21/2/2023,20.00,7,2414,ต้มยำ
21/2/2023,16.00,4,803,ใส
21/2/2023,18.00,4,968,ต้มยำ
21/2/2023,16.00,4,1559,ดำ
21/2/2023,18.00,7,2633,ดำ
21/2/2023,18.00,7,1605,หม่าล่า
21/2/2023,21.00,2,647,ต้มยำ
21/2/2023,18.00,3,693,ใส
21/2/2023,3.00,6,1222,หม่าล่า
21/2/2023,11.00,7,1571,ใส
21/2/2023,7.00,6,1282,หม่าล่า
21/2/2023,7.00,6,2359,ดำ
21/2/2023,12.00,5,1024,ต้มยำ
21/2/2023,2.00,5,1939,ดำ
21/2/2023,20.00,5,1783,ต้มยำ
21/2/2023,11.00,2,645,ดำ
21/2/2023,4.00,7,1407,หม่าล่า
21/2/2023,14.00,7,1414,ใส
21/2/2023,10.00,6,1268,ต้มยำ
21/2/2023,4.00,3,1114,หม่าล่า
21/2/2023,8.00,4,1361,หม่าล่า
21/2/2023,9.00,6,2008,ดำ
21/2/2023,5.00,6,1424,ต้มยำ
21/2/2023,14.00,2,796,ต้มยำ
21/2/2023,8.00,2,518,ดำ
22/2/2023,24.00,3,889,ดำ
22/2/2023,2.00,4,1312,ต้มยำ
22/2/2023,2.00,6,1698,ใส
22/2/2023,24.00,3,882,ดำ
22/2/2023,15.00,6,1948,หม่าล่า
22/2/2023,19.00,3,968,ต้มยำ
22/2/2023,20.00,5,1407,หม่าล่า
22/2/2023,14.00,5,1350,หม่าล่า
22/2/2023,15.00,7,1883,หม่าล่า
22/2/2023,5.00,2,471,หม่าล่า
22/2/2023,13.00,7,1860,ใส
22/2/2023,3.00,6,1494,ใส
22/2/2023,20.00,6,1272,ต้มยำ
22/2/2023,23.00,3,641,ใส
22/2/2023,8.00,7,1412,ต้มยำ
23/2/2023,7.00,7,2520,หม่าล่า
23/2/2023,15.00,6,1963,ต้มยำ
23/2/2023,12.00,5,1695,ดำ
23/2/2023,11.00,3,805,ใส
23/2/2023,20.00,2,756,ต้มยำ
23/2/2023,3.00,5,1207,ใส
23/2/2023,8.00,5,1198,ดำ
23/2/2023,7.00,5,1226,ต้มยำ
23/2/2023,15.00,7,1939,ดำ
23/2/2023,21.00,5,1077,หม่าล่า
23/2/2023,17.00,4,1166,ดำ
23/2/2023,13.00,4,1436,หม่าล่า
23/2/2023,19.00,7,1651,ดำ
23/2/2023,17.00,4,888,ต้มยำ
23/2/2023,12.00,3,1020,ใส
23/2/2023,16.00,3,1147,ดำ
23/2/2023,20.00,7,1902,ใส
23/2/2023,10.00,3,1089,หม่าล่า
23/2/2023,23.00,3,909,ต้มยำ
23/2/2023,12.00,2,725,ต้มยำ
24/2/2023,6.00,2,483,หม่าล่า
24/2/2023,24.00,2,743,ใส
24/2/2023,9.00,7,1817,ดำ
24/2/2023,24.00,2,624,ดำ
24/2/2023,22.00,4,822,ดำ
24/2/2023,22.00,7,2328,ต้มยำ
24/2/2023,13.00,5,1489,ใส
24/2/2023,8.00,3,669,หม่าล่า
24/2/2023,22.00,2,665,ใส
24/2/2023,12.00,2,586,หม่าล่า
24/2/2023,15.00,4,885,หม่าล่า
24/2/2023,2.00,7,2071,ต้มยำ
24/2/2023,23.00,3,616,ดำ
24/2/2023,12.00,4,936,หม่าล่า
24/2/2023,4.00,5,1256,ใส
24/2/2023,16.00,6,1541,ดำ
25/2/2023,9.00,2,755,ใส
25/2/2023,12.00,5,1145,ใส
25/2/2023,16.00,6,1636,ใส
25/2/2023,21.00,7,2553,หม่าล่า
25/2/2023,5.00,3,962,ใส
25/2/2023,2.00,5,1904,ดำ
25/2/2023,5.00,5,1377,ใส
25/2/2023,24.00,3,676,ดำ
25/2/2023,2.00,7,2267,ดำ
25/2/2023,16.00,5,1632,หม่าล่า
25/2/2023,8.00,7,2359,ต้มยำ
25/2/2023,18.00,2,634,หม่าล่า
26/2/2023,17.00,4,1052,ดำ
26/2/2023,21.00,5,1954,ดำ
26/2/2023,5.00,3,734,ดำ
26/2/2023,14.00,5,1094,ใส
26/2/2023,4.00,5,1866,ใส
26/2/2023,14.00,2,691,ใส
26/2/2023,12.00,5,1114,หม่าล่า
26/2/2023,9.00,3,711,ต้มยำ
26/2/2023,20.00,6,1442,ต้มยำ
26/2/2023,17.00,4,1049,ใส
26/2/2023,9.00,4,1117,ต้มยำ
26/2/2023,18.00,6,1589,ใส
26/2/2023,14.00,5,1816,ดำ
27/2/2023,19.00,7,2737,ดำ
27/2/2023,11.00,7,2732,ใส
27/2/2023,22.00,2,796,ดำ
27/2/2023,14.00,6,1852,ต้มยำ
27/2/2023,21.00,3,637,ต้มยำ
27/2/2023,22.00,3,1005,ใส
27/2/2023,11.00,4,1051,ดำ
27/2/2023,13.00,7,2511,ดำ
27/2/2023,21.00,3,700,ดำ
27/2/2023,22.00,5,1749,ดำ
27/2/2023,10.00,7,1574,ต้มยำ
27/2/2023,22.00,2,529,ใส
27/2/2023,21.00,7,2284,ดำ
27/2/2023,6.00,5,1133,ดำ
27/2/2023,20.00,5,1550,หม่าล่า
28/2/2023,17.00,3,775,หม่าล่า
28/2/2023,11.00,3,738,ต้มยำ
28/2/2023,22.00,3,1074,ดำ
28/2/2023,21.00,2,786,หม่าล่า
28/2/2023,12.00,3,816,ใส
28/2/2023,4.00,4,860,ดำ
28/2/2023,17.00,5,1876,ดำ
28/2/2023,12.00,3,758,ดำ
28/2/2023,9.00,4,1232,ต้มยำ
28/2/2023,14.00,7,1605,หม่าล่า
28/2/2023,6.00,7,1682,ใส
28/2/2023,2.00,2,637,หม่าล่า
28/2/2023,23.00,6,2235,ใส
28/2/2023,18.00,2,463,ต้มยำ
28/2/2023,3.00,7,1591,หม่าล่า
1/3/2023,13.00,7,1577,ดำ
1/3/2023,18.00,2,597,ใส
1/3/2023,14.00,7,2317,หม่าล่า
1/3/2023,14.00,7,1443,ดำ
1/3/2023,24.00,3,843,ดำ
1/3/2023,13.00,6,2391,ดำ
1/3/2023,18.00,2,432,ต้มยำ
1/3/2023,18.00,2,398,ดำ
1/3/2023,15.00,2,424,หม่าล่า
1/3/2023,14.00,4,1453,หม่าล่า
1/3/2023,23.00,3,868,ดำ
1/3/2023,19.00,2,411,ดำ
1/3/2023,9.00,5,1970,ใส
1/3/2023,4.00,6,1350,ดำ
1/3/2023,3.00,7,2367,หม่าล่า
1/3/2023,16.00,2,681,หม่าล่า
1/3/2023,11.00,7,2011,หม่าล่า
1/3/2023,9.00,7,1836,ต้มยำ
1/3/2023,18.00,3,1153,ต้มยำ
1/3/2023,14.00,3,1034,หม่าล่า
2/3/2023,20.00,2,627,ต้มยำ
2/3/2023,24.00,6,1987,หม่าล่า
2/3/2023,4.00,6,2130,ใส
2/3/2023,21.00,5,1480,ดำ
2/3/2023,7.00,3,1153,หม่าล่า
2/3/2023,21.00,3,911,ใส
2/3/2023,19.00,5,1505,ดำ
2/3/2023,13.00,7,2621,ดำ
2/3/2023,4.00,6,1614,หม่าล่า
2/3/2023,9.00,5,1865,หม่าล่า
2/3/2023,3.00,3,838,ต้มยำ
2/3/2023,24.00,3,1111,ใส
2/3/2023,23.00,4,941,หม่าล่า
2/3/2023,5.00,4,1469,ต้มยำ
2/3/2023,15.00,5,1955,หม่าล่า
2/3/2023,3.00,3,673,หม่าล่า
2/3/2023,3.00,7,1933,หม่าล่า
2/3/2023,19.00,3,1089,ใส
2/3/2023,9.00,2,584,ดำ
2/3/2023,12.00,6,1220,ต้มยำ
2/3/2023,10.00,4,1115,หม่าล่า
2/3/2023,13.00,3,1171,ต้มยำ
3/3/2023,23.00,4,1514,ดำ
3/3/2023,6.00,7,2047,ใส
3/3/2023,5.00,3,999,หม่าล่า
3/3/2023,18.00,3,831,ต้มยำ
3/3/2023,23.00,3,768,หม่าล่า
3/3/2023,3.00,4,1193,หม่าล่า
3/3/2023,6.00,5,1069,ดำ
3/3/2023,13.00,6,1732,ต้มยำ
3/3/2023,13.00,7,1464,หม่าล่า
3/3/2023,9.00,4,1272,ดำ
3/3/2023,5.00,4,1552,หม่าล่า
3/3/2023,11.00,6,1944,ดำ
3/3/2023,15.00,6,1263,หม่าล่า
3/3/2023,12.00,3,805,หม่าล่า
3/3/2023,23.00,4,1493,หม่าล่า
3/3/2023,11.00,5,1379,ดำ
3/3/2023,13.00,3,880,ต้มยำ
3/3/2023,13.00,3,1039,ดำ
3/3/2023,7.00,3,742,ใส
3/3/2023,22.00,2,472,ต้มยำ
3/3/2023,19.00,3,945,ดำ
3/3/2023,9.00,5,1309,ต้มยำ
3/3/2023,21.00,4,849,ใส
3/3/2023,10.00,3,873,ใส
4/3/2023,15.00,6,1843,ต้มยำ
4/3/2023,7.00,6,1345,ดำ
4/3/2023,2.00,3,850,ต้มยำ
4/3/2023,3.00,7,1698,ต้มยำ
4/3/2023,19.00,6,2047,หม่าล่า
4/3/2023,21.00,2,491,หม่าล่า
4/3/2023,9.00,4,1572,ดำ
4/3/2023,5.00,5,1370,ดำ
4/3/2023,3.00,5,1343,ดำ
4/3/2023,16.00,6,2082,หม่าล่า
4/3/2023,7.00,2,744,ดำ
4/3/2023,2.00,7,2009,หม่าล่า
4/3/2023,3.00,5,1616,ต้มยำ
4/3/2023,4.00,4,1551,ดำ
4/3/2023,22.00,5,1205,ดำ
4/3/2023,16.00,6,1889,หม่าล่า
4/3/2023,10.00,2,436,ใส
4/3/2023,9.00,3,1104,หม่าล่า
4/3/2023,20.00,7,2516,ใส
4/3/2023,10.00,2,620,ต้มยำ
4/3/2023,18.00,2,786,ต้มยำ
4/3/2023,13.00,2,505,ต้มยำ
4/3/2023,7.00,7,2568,ดำ
5/3/2023,12.00,5,1308,ดำ
5/3/2023,5.00,7,2088,ใส
5/3/2023,19.00,5,1053,ต้มยำ
5/3/2023,12.00,4,1368,หม่าล่า
5/3/2023,8.00,6,1855,ต้มยำ
5/3/2023,24.00,3,1042,ดำ
5/3/2023,14.00,6,1805,ใส
5/3/2023,9.00,3,1093,หม่าล่า
5/3/2023,8.00,7,1906,ต้มยำ
5/3/2023,18.00,3,992,ดำ
5/3/2023,4.00,7,2262,ต้มยำ
5/3/2023,10.00,7,1877,ใส
5/3/2023,3.00,2,437,หม่าล่า
5/3/2023,19.00,2,508,ใส
5/3/2023,5.00,3,1157,ต้มยำ
5/3/2023,14.00,4,975,ต้มยำ
5/3/2023,24.00,7,1591,ดำ
5/3/2023,14.00,2,583,ใส
5/3/2023,11.00,5,1563,หม่าล่า
5/3/2023,17.00,7,2144,ดำ
5/3/2023,8.00,2,417,ใส
5/3/2023,16.00,2,786,หม่าล่า
5/3/2023,9.00,2,556,ดำ
5/3/2023,8.00,5,1516,ดำ
6/3/2023,2.00,3,953,หม่าล่า
6/3/2023,14.00,5,1806,ใส
6/3/2023,12.00,4,1583,ใส
6/3/2023,7.00,3,778,ดำ
6/3/2023,10.00,6,2117,ดำ
6/3/2023,17.00,2,504,ใส
6/3/2023,23.00,7,1747,ใส
6/3/2023,11.00,5,1937,หม่าล่า
6/3/2023,15.00,6,2329,ใส
6/3/2023,19.00,6,1424,หม่าล่า
6/3/2023,22.00,3,775,ใส
6/3/2023,17.00,7,2724,หม่าล่า
6/3/2023,16.00,5,1192,หม่าล่า
6/3/2023,18.00,6,1574,ดำ
6/3/2023,7.00,3,1023,ใส
6/3/2023,7.00,6,2304,ต้มยำ
6/3/2023,10.00,3,652,ใส
6/3/2023,14.00,6,1878,หม่าล่า
6/3/2023,9.00,3,622,ต้มยำ
6/3/2023,23.00,4,950,ต้มยำ
6/3/2023,24.00,2,738,ดำ
6/3/2023,7.00,3,959,ดำ
6/3/2023,20.00,2,530,ต้มยำ
6/3/2023,14.00,4,1450,ใส
6/3/2023,15.00,3,767,ใส
6/3/2023,16.00,6,2295,ใส
7/3/2023,19.00,3,1007,หม่าล่า
7/3/2023,17.00,2,764,ใส
7/3/2023,11.00,5,1236,ดำ
7/3/2023,23.00,7,2619,ต้มยำ
7/3/2023,10.00,2,742,ใส
7/3/2023,18.00,5,1546,ดำ
7/3/2023,22.00,4,1442,ใส
7/3/2023,7.00,4,829,ต้มยำ
7/3/2023,15.00,4,930,ต้มยำ
7/3/2023,20.00,2,596,หม่าล่า
7/3/2023,24.00,5,1917,ใส
7/3/2023,6.00,3,662,ดำ
7/3/2023,16.00,4,1093,ต้มยำ
7/3/2023,20.00,5,1298,ดำ
7/3/2023,4.00,4,1530,ต้มยำ
7/3/2023,8.00,6,2220,ต้มยำ
7/3/2023,4.00,4,1296,หม่าล่า
7/3/2023,14.00,5,1687,ดำ
7/3/2023,20.00,7,1603,ต้มยำ
7/3/2023,12.00,3,1048,ต้มยำ
7/3/2023,11.00,7,1851,ดำ
7/3/2023,23.00,6,1855,ดำ
8/3/2023,6.00,4,1225,ต้มยำ
8/3/2023,12.00,2,769,ดำ
8/3/2023,16.00,2,752,ดำ
8/3/2023,7.00,3,701,ใส
8/3/2023,4.00,5,1718,ดำ
8/3/2023,20.00,4,935,หม่าล่า
8/3/2023,7.00,5,1440,ต้มยำ
8/3/2023,9.00,6,1896,ดำ
8/3/2023,10.00,2,456,หม่าล่า
8/3/2023,15.00,2,495,หม่าล่า
8/3/2023,6.00,3,1179,ต้มยำ
8/3/2023,16.00,3,618,หม่าล่า
8/3/2023,14.00,4,1368,ใส
8/3/2023,24.00,7,1913,ดำ
8/3/2023,13.00,3,627,ดำ
8/3/2023,8.00,3,738,ต้มยำ
8/3/2023,12.00,2,432,หม่าล่า
8/3/2023,9.00,7,2153,ต้มยำ
9/3/2023,18.00,5,1385,หม่าล่า
9/3/2023,2.00,3,667,ใส
9/3/2023,19.00,6,2064,ใส
9/3/2023,17.00,7,2103,หม่าล่า
9/3/2023,11.00,5,1696,ใส
9/3/2023,19.00,7,2434,ดำ
9/3/2023,6.00,4,1486,ใส
9/3/2023,9.00,6,2268,ดำ
9/3/2023,6.00,3,901,หม่าล่า
9/3/2023,20.00,5,1725,ดำ
9/3/2023,11.00,5,1392,ต้มยำ
9/3/2023,14.00,7,2419,ต้มยำ
9/3/2023,13.00,3,843,ต้มยำ
9/3/2023,13.00,5,1195,ต้มยำ
9/3/2023,21.00,3,1185,ดำ
9/3/2023,7.00,5,1079,ดำ
9/3/2023,17.00,3,1123,ดำ
9/3/2023,18.00,4,991,ใส
9/3/2023,3.00,4,923,ดำ
9/3/2023,6.00,6,1227,หม่าล่า
9/3/2023,5.00,7,1800,ต้มยำ
10/3/2023,21.00,7,1609,ใส
10/3/2023,14.00,5,1314,ต้มยำ
10/3/2023,14.00,7,2272,ต้มยำ
10/3/2023,17.00,4,865,ใส
10/3/2023,5.00,2,684,ใส
10/3/2023,11.00,3,887,ใส
10/3/2023,14.00,3,1064,ดำ
10/3/2023,4.00,7,1968,ต้มยำ
10/3/2023,8.00,4,1452,ใส
10/3/2023,21.00,3,1110,หม่าล่า
10/3/2023,9.00,6,1482,หม่าล่า
10/3/2023,6.00,5,1671,ดำ
10/3/2023,16.00,3,1137,ต้มยำ
10/3/2023,2.00,2,497,หม่าล่า
10/3/2023,7.00,7,2236,ต้มยำ
10/3/2023,5.00,4,957,หม่าล่า
10/3/2023,13.00,5,1450,ใส
10/3/2023,3.00,2,514,หม่าล่า
10/3/2023,22.00,3,1143,ใส
11/3/2023,15.00,5,1266,ต้มยำ
11/3/2023,13.00,6,2341,หม่าล่า
11/3/2023,2.00,6,1786,ดำ
11/3/2023,11.00,7,2519,ดำ
11/3/2023,7.00,2,568,ต้มยำ
11/3/2023,20.00,2,692,หม่าล่า
11/3/2023,22.00,7,2173,หม่าล่า
11/3/2023,14.00,6,1293,ดำ
11/3/2023,9.00,7,2297,ต้มยำ
11/3/2023,20.00,3,729,ดำ
11/3/2023,23.00,6,2208,ดำ
11/3/2023,24.00,2,562,ดำ
11/3/2023,21.00,4,1517,ดำ
11/3/2023,9.00,3,869,ต้มยำ
11/3/2023,15.00,6,2263,ใส
11/3/2023,21.00,6,1559,ดำ
11/3/2023,16.00,7,2057,ใส
11/3/2023,7.00,3,991,ดำ
11/3/2023,16.00,3,1047,ใส
11/3/2023,9.00,5,1092,หม่าล่า
11/3/2023,17.00,4,868,หม่าล่า
12/3/2023,10.00,6,2137,ใส
12/3/2023,6.00,3,1040,ใส
12/3/2023,19.00,6,2133,ใส
12/3/2023,12.00,3,893,ดำ
12/3/2023,2.00,2,436,ใส
12/3/2023,19.00,7,1756,ใส
12/3/2023,17.00,3,624,ต้มยำ
12/3/2023,13.00,5,1395,ต้มยำ
12/3/2023,10.00,6,1376,ใส
12/3/2023,9.00,5,1517,ต้มยำ
12/3/2023,17.00,5,1251,ดำ
12/3/2023,2.00,7,1823,หม่าล่า
12/3/2023,9.00,5,1958,หม่าล่า
12/3/2023,17.00,6,1221,ต้มยำ
12/3/2023,24.00,4,1199,ใส
12/3/2023,8.00,6,2107,ดำ
12/3/2023,17.00,3,1074,ต้มยำ
12/3/2023,9.00,2,459,ใส
12/3/2023,2.00,7,2666,ต้มยำ
13/3/2023,3.00,7,2037,ต้มยำ
13/3/2023,12.00,4,1462,ใส
13/3/2023,23.00,3,946,ใส
13/3/2023,24.00,7,2548,ใส
13/3/2023,12.00,2,630,ต้มยำ
13/3/2023,23.00,5,1419,ต้มยำ
13/3/2023,19.00,5,1195,หม่าล่า
13/3/2023,11.00,3,1148,ดำ
13/3/2023,16.00,5,1116,ดำ
13/3/2023,11.00,2,631,ต้มยำ
13/3/2023,5.00,2,657,ใส
13/3/2023,3.00,7,2542,หม่าล่า
13/3/2023,10.00,5,1418,ดำ
13/3/2023,15.00,4,1526,ต้มยำ
13/3/2023,22.00,6,1370,ต้มยำ
13/3/2023,7.00,4,920,ต้มยำ
13/3/2023,3.00,5,1191,ดำ
14/3/2023,14.00,4,1414,ใส
14/3/2023,12.00,6,1493,ใส
14/3/2023,23.00,5,1573,ดำ
14/3/2023,2.00,6,2326,ดำ
14/3/2023,16.00,6,1453,หม่าล่า
14/3/2023,4.00,3,1068,หม่าล่า
14/3/2023,11.00,2,563,หม่าล่า
14/3/2023,13.00,3,719,ดำ
14/3/2023,3.00,2,739,ใส
14/3/2023,21.00,3,1013,ใส
14/3/2023,15.00,2,745,หม่าล่า
14/3/2023,21.00,4,870,หม่าล่า
14/3/2023,19.00,3,735,ต้มยำ
14/3/2023,14.00,3,738,ดำ
14/3/2023,19.00,7,2363,หม่าล่า
14/3/2023,3.00,5,1729,หม่าล่า
14/3/2023,17.00,6,2388,ต้มยำ
14/3/2023,2.00,3,1069,ต้มยำ
14/3/2023,3.00,7,1743,ต้มยำ
14/3/2023,12.00,3,903,ใส
14/3/2023,7.00,6,1389,ใส
14/3/2023,5.00,7,2678,ใส
14/3/2023,8.00,5,1394,ดำ
14/3/2023,12.00,6,2268,ใส
14/3/2023,14.00,5,1556,หม่าล่า
15/3/2023,15.00,5,1001,ดำ
15/3/2023,3.00,2,608,หม่าล่า
15/3/2023,18.00,3,820,หม่าล่า
15/3/2023,22.00,3,1143,ใส
15/3/2023,2.00,6,1438,ดำ
15/3/2023,3.00,4,889,ต้มยำ
15/3/2023,17.00,3,684,ต้มยำ
15/3/2023,14.00,5,1561,หม่าล่า
15/3/2023,19.00,5,1336,หม่าล่า
15/3/2023,6.00,2,743,หม่าล่า
15/3/2023,23.00,7,2103,ใส
15/3/2023,24.00,4,877,ใส
15/3/2023,18.00,4,1087,หม่าล่า
15/3/2023,3.00,2,497,ใส
15/3/2023,2.00,4,1071,ต้มยำ
15/3/2023,5.00,2,500,ดำ
15/3/2023,3.00,3,845,ต้มยำ
15/3/2023,7.00,3,745,ดำ
15/3/2023,10.00,2,686,ต้มยำ
15/3/2023,22.00,7,1834,ต้มยำ
15/3/2023,5.00,2,757,ดำ
15/3/2023,2.00,7,2274,หม่าล่า
16/3/2023,18.00,2,733,ต้มยำ
16/3/2023,6.00,4,1203,ต้มยำ
16/3/2023,6.00,6,1940,ต้มยำ
16/3/2023,9.00,6,1678,ใส
16/3/2023,22.00,4,1391,ใส
16/3/2023,2.00,2,451,ใส
16/3/2023,8.00,4,1157,ใส
16/3/2023,12.00,2,633,หม่าล่า
16/3/2023,19.00,2,505,ดำ
16/3/2023,5.00,5,1027,หม่าล่า
16/3/2023,10.00,4,910,ดำ
16/3/2023,2.00,2,427,ดำ
16/3/2023,23.00,4,1329,ดำ
16/3/2023,14.00,4,1077,ต้มยำ
17/3/2023,2.00,2,455,หม่าล่า
17/3/2023,4.00,4,996,ต้มยำ
17/3/2023,22.00,7,2146,หม่าล่า
17/3/2023,17.00,5,1034,ต้มยำ
17/3/2023,20.00,3,858,หม่าล่า
17/3/2023,13.00,3,911,ต้มยำ
17/3/2023,24.00,3,739,หม่าล่า
17/3/2023,3.00,3,801,ต้มยำ
17/3/2023,8.00,5,1959,หม่าล่า
17/3/2023,12.00,7,1808,หม่าล่า
17/3/2023,15.00,4,1128,ดำ
17/3/2023,7.00,5,1621,ดำ
17/3/2023,23.00,5,1751,ดำ
17/3/2023,14.00,7,2041,ใส
17/3/2023,22.00,3,686,หม่าล่า
17/3/2023,8.00,2,433,ใส
18/3/2023,12.00,7,1752,ดำ
18/3/2023,9.00,3,644,ต้มยำ
18/3/2023,13.00,2,708,หม่าล่า
18/3/2023,17.00,6,1926,ต้มยำ
18/3/2023,22.00,5,1684,ใส
18/3/2023,14.00,7,2181,ต้มยำ
18/3/2023,6.00,3,704,ใส
18/3/2023,15.00,5,1994,ดำ
18/3/2023,8.00,4,1415,ดำ
18/3/2023,3.00,7,2087,ดำ
18/3/2023,4.00,5,1230,ดำ
18/3/2023,22.00,7,1694,หม่าล่า
18/3/2023,16.00,5,1965,หม่าล่า
18/3/2023,9.00,2,409,ดำ
18/3/2023,22.00,4,948,หม่าล่า
18/3/2023,22.00,7,1558,ใส
18/3/2023,13.00,4,798,ดำ
18/3/2023,5.00,4,1321,ต้มยำ
18/3/2023,19.00,2,548,ใส
18/3/2023,9.00,4,1180,ต้มยำ
18/3/2023,13.00,4,1344,ดำ
18/3/2023,3.00,7,2491,ใส
18/3/2023,7.00,4,1071,ต้มยำ
19/3/2023,24.00,3,729,หม่าล่า
19/3/2023,2.00,7,2301,ดำ
19/3/2023,15.00,2,445,ดำ
19/3/2023,9.00,7,2368,ดำ
19/3/2023,3.00,7,1484,ใส
19/3/2023,7.00,3,1071,หม่าล่า
19/3/2023,12.00,3,1098,ต้มยำ
19/3/2023,21.00,3,807,ต้มยำ
19/3/2023,9.00,3,729,ต้มยำ
19/3/2023,16.00,2,795,ใส
19/3/2023,17.00,6,1316,ใส
19/3/2023,3.00,3,1190,ต้มยำ
19/3/2023,19.00,3,908,ต้มยำ
19/3/2023,8.00,6,1706,หม่าล่า
19/3/2023,17.00,7,2531,หม่าล่า
19/3/2023,15.00,7,2526,ดำ
19/3/2023,2.00,6,1809,หม่าล่า
19/3/2023,16.00,2,513,หม่าล่า
20/3/2023,14.00,5,1033,ดำ
20/3/2023,3.00,2,540,ดำ
20/3/2023,15.00,4,978,ต้มยำ
20/3/2023,13.00,4,1352,ดำ
20/3/2023,14.00,3,925,หม่าล่า
20/3/2023,15.00,4,1245,ใส
20/3/2023,18.00,3,650,ต้มยำ
20/3/2023,15.00,7,2193,ดำ
20/3/2023,14.00,5,1574,ต้มยำ
20/3/2023,15.00,4,1592,ดำ
20/3/2023,17.00,7,2477,ใส
20/3/2023,19.00,7,2727,หม่าล่า
20/3/2023,24.00,5,1995,หม่าล่า
20/3/2023,8.00,2,572,หม่าล่า
20/3/2023,10.00,4,1346,ต้มยำ
20/3/2023,13.00,4,809,ดำ
20/3/2023,14.00,6,1964,ดำ
20/3/2023,23.00,4,1227,หม่าล่า
20/3/2023,24.00,4,1013,ต้มยำ
20/3/2023,8.00,6,1719,ต้มยำ
20/3/2023,24.00,7,2746,ดำ
20/3/2023,20.00,3,954,ใส
20/3/2023,5.00,7,2448,หม่าล่า
20/3/2023,19.00,6,1336,ใส
20/3/2023,9.00,3,700,หม่าล่า
20/3/2023,17.00,2,409,ใส
20/3/2023,4.00,5,1835,ต้มยำ
20/3/2023,4.00,7,1542,ใส
20/3/2023,13.00,3,702,หม่าล่า
20/3/2023,11.00,5,1562,ต้มยำ
20/3/2023,10.00,3,906,ใส
20/3/2023,6.00,3,1044,หม่าล่า
20/3/2023,9.00,3,742,ใส
21/3/2023,22.00,4,1271,ต้มยำ
21/3/2023,12.00,7,1579,ต้มยำ
21/3/2023,7.00,4,1134,ดำ
21/3/2023,8.00,6,2316,ต้มยำ
21/3/2023,17.00,4,1340,ดำ
21/3/2023,7.00,5,1177,ต้มยำ
21/3/2023,24.00,3,1168,หม่าล่า
21/3/2023,2.00,7,1752,หม่าล่า
21/3/2023,23.00,4,1088,หม่าล่า
21/3/2023,9.00,6,1752,ใส
21/3/2023,9.00,7,1816,หม่าล่า
21/3/2023,18.00,5,1145,ต้มยำ
21/3/2023,21.00,7,1801,ใส
21/3/2023,3.00,5,1332,หม่าล่า
21/3/2023,8.00,6,1655,หม่าล่า
21/3/2023,13.00,6,1255,หม่าล่า
21/3/2023,19.00,7,1972,หม่าล่า
21/3/2023,3.00,2,527,ต้มยำ
22/3/2023,7.00,6,1223,ต้มยำ
22/3/2023,21.00,7,2484,ต้มยำ
22/3/2023,18.00,6,2097,หม่าล่า
22/3/2023,13.00,3,920,ต้มยำ
22/3/2023,23.00,2,712,ดำ
22/3/2023,22.00,6,2209,ดำ
22/3/2023,16.00,7,2206,ดำ
22/3/2023,16.00,7,2033,ต้มยำ
22/3/2023,8.00,7,2399,ต้มยำ
23/3/2023,2.00,2,451,ต้มยำ
23/3/2023,15.00,7,1395,หม่าล่า
23/3/2023,3.00,2,787,ดำ
23/3/2023,17.00,7,1982,หม่าล่า
23/3/2023,10.00,6,1468,ใส
23/3/2023,3.00,4,1393,ต้มยำ
23/3/2023,6.00,6,2092,ใส
23/3/2023,12.00,4,1188,ดำ
23/3/2023,10.00,7,2127,ต้มยำ
23/3/2023,4.00,7,2065,ต้มยำ
23/3/2023,23.00,5,1768,ต้มยำ
23/3/2023,14.00,4,1573,ต้มยำ
23/3/2023,12.00,3,872,หม่าล่า
23/3/2023,12.00,4,1166,ดำ
23/3/2023,2.00,3,598,ต้มยำ
23/3/2023,12.00,7,2208,ใส
23/3/2023,7.00,7,2277,ใส
23/3/2023,22.00,4,1167,ต้มยำ
23/3/2023,23.00,6,1340,ดำ
23/3/2023,22.00,3,845,ต้มยำ
23/3/2023,20.00,3,979,ใส
23/3/2023,24.00,2,745,ใส
24/3/2023,12.00,3,798,หม่าล่า
24/3/2023,2.00,2,746,ดำ
24/3/2023,20.00,4,919,ใส
24/3/2023,14.00,3,1141,ใส
24/3/2023,21.00,2,713,ดำ
24/3/2023,15.00,4,887,หม่าล่า
24/3/2023,18.00,5,1550,หม่าล่า
24/3/2023,8.00,3,904,หม่าล่า
24/3/2023,16.00,7,1605,หม่าล่า
24/3/2023,12.00,5,1647,ใส
24/3/2023,12.00,5,1519,ใส
24/3/2023,22.00,2,484,ใส
24/3/2023,13.00,3,631,ใส
24/3/2023,9.00,2,781,ต้มยำ
24/3/2023,3.00,3,908,ดำ
24/3/2023,2.00,3,660,ใส
24/3/2023,15.00,4,1400,หม่าล่า
24/3/2023,21.00,2,679,ต้มยำ
24/3/2023,20.00,4,1332,หม่าล่า
24/3/2023,12.00,6,2259,ต้มยำ
24/3/2023,7.00,2,488,ใส
24/3/2023,12.00,2,472,หม่าล่า
24/3/2023,2.00,6,1871,ใส
25/3/2023,10.00,2,793,หม่าล่า
25/3/2023,22.00,4,1152,ใส
25/3/2023,10.00,6,2203,ดำ
25/3/2023,14.00,6,2053,ดำ
25/3/2023,7.00,6,1602,หม่าล่า
25/3/2023,15.00,2,796,หม่าล่า
25/3/2023,24.00,4,1274,ต้มยำ
25/3/2023,12.00,5,1828,ต้มยำ
25/3/2023,6.00,4,800,ใส
25/3/2023,6.00,2,471,ดำ
25/3/2023,4.00,4,1326,หม่าล่า
25/3/2023,17.00,7,2621,ต้มยำ
25/3/2023,3.00,2,486,ต้มยำ
25/3/2023,18.00,6,1658,ดำ
25/3/2023,9.00,6,1385,ต้มยำ
25/3/2023,21.00,5,1498,หม่าล่า
25/3/2023,24.00,6,1750,ดำ
25/3/2023,10.00,5,1769,ดำ
25/3/2023,14.00,6,2223,ต้มยำ
25/3/2023,12.00,7,2082,ต้มยำ
25/3/2023,22.00,3,1188,ดำ
25/3/2023,19.00,2,734,ดำ
25/3/2023,22.00,7,2646,ต้มยำ
25/3/2023,13.00,5,1038,ดำ
26/3/2023,12.00,5,1352,หม่าล่า
26/3/2023,24.00,2,585,ดำ
26/3/2023,14.00,3,905,ใส
26/3/2023,19.00,7,2464,ดำ
26/3/2023,9.00,6,1643,ต้มยำ
26/3/2023,21.00,7,2653,ดำ
26/3/2023,13.00,7,1816,ต้มยำ
26/3/2023,3.00,3,968,ต้มยำ
26/3/2023,14.00,6,1658,ใส
26/3/2023,5.00,4,1405,ดำ
26/3/2023,8.00,7,1445,หม่าล่า
26/3/2023,23.00,4,1546,ใส
26/3/2023,16.00,2,426,ดำ
26/3/2023,2.00,6,1349,ต้มยำ
26/3/2023,14.00,2,406,ดำ
26/3/2023,15.00,5,1483,ดำ
26/3/2023,19.00,5,1982,ใส
26/3/2023,19.00,4,1180,ต้มยำ
26/3/2023,20.00,7,2638,ต้มยำ
26/3/2023,19.00,5,1841,ต้มยำ
26/3/2023,21.00,7,1592,ต้มยำ
26/3/2023,18.00,6,2229,ดำ
26/3/2023,17.00,4,1482,หม่าล่า
26/3/2023,16.00,6,1746,ดำ
26/3/2023,18.00,3,886,หม่าล่า
27/3/2023,16.00,3,1108,ใส
27/3/2023,21.00,7,2412,ใส
27/3/2023,17.00,7,1787,ดำ
27/3/2023,17.00,2,615,หม่าล่า
27/3/2023,4.00,3,1115,หม่าล่า
27/3/2023,7.00,7,2004,ดำ
27/3/2023,7.00,3,841,ดำ
27/3/2023,8.00,4,1479,ใส
27/3/2023,24.00,4,1420,ใส
27/3/2023,14.00,7,2005,หม่าล่า
27/3/2023,20.00,3,628,ใส
27/3/2023,4.00,3,741,ดำ
27/3/2023,15.00,5,1385,ดำ
27/3/2023,2.00,7,1704,หม่าล่า
27/3/2023,5.00,5,1337,หม่าล่า
27/3/2023,23.00,6,1712,ดำ
27/3/2023,11.00,7,2190,ต้มยำ
27/3/2023,17.00,3,996,ดำ
27/3/2023,23.00,2,705,ใส
27/3/2023,6.00,3,812,ดำ
28/3/2023,20.00,6,1940,ต้มยำ
28/3/2023,19.00,4,1438,ดำ
28/3/2023,24.00,3,1150,หม่าล่า
28/3/2023,9.00,5,1811,ดำ
28/3/2023,14.00,3,694,ดำ
28/3/2023,9.00,3,732,ดำ
28/3/2023,22.00,6,1985,ต้มยำ
28/3/2023,5.00,5,1422,ดำ
28/3/2023,5.00,6,2111,ใส
28/3/2023,19.00,5,1454,ใส
28/3/2023,20.00,4,1097,หม่าล่า
28/3/2023,6.00,3,1011,ต้มยำ
28/3/2023,4.00,2,428,ต้มยำ
28/3/2023,23.00,2,532,หม่าล่า
28/3/2023,11.00,2,542,หม่าล่า
28/3/2023,8.00,4,1295,ต้มยำ
28/3/2023,18.00,6,1685,ต้มยำ
28/3/2023,13.00,4,1406,หม่าล่า
28/3/2023,4.00,6,1671,หม่าล่า
28/3/2023,21.00,6,1857,หม่าล่า
28/3/2023,9.00,5,1271,หม่าล่า
28/3/2023,11.00,4,1036,ใส
29/3/2023,10.00,7,1842,หม่าล่า
29/3/2023,23.00,4,829,ดำ
29/3/2023,22.00,7,2585,ต้มยำ
29/3/2023,7.00,6,1630,ดำ
29/3/2023,10.00,6,1357,ใส
29/3/2023,15.00,6,2000,ดำ
29/3/2023,10.00,2,611,ต้มยำ
29/3/2023,18.00,3,915,ดำ
29/3/2023,10.00,3,628,ใส
29/3/2023,17.00,5,1536,ใส
29/3/2023,12.00,2,781,ต้มยำ
29/3/2023,15.00,6,2117,ต้มยำ
29/3/2023,19.00,5,1541,ใส
29/3/2023,5.00,2,720,ดำ
30/3/2023,2.00,5,1853,ดำ
30/3/2023,2.00,5,1981,ดำ
30/3/2023,4.00,4,808,หม่าล่า
30/3/2023,21.00,3,792,ดำ
30/3/2023,8.00,3,677,หม่าล่า
30/3/2023,7.00,6,1478,ต้มยำ
30/3/2023,13.00,6,1918,ดำ
30/3/2023,21.00,2,743,ใส
30/3/2023,4.00,7,1869,ต้มยำ
30/3/2023,20.00,5,1905,ดำ
30/3/2023,14.00,6,1369,ใส
30/3/2023,17.00,3,999,ดำ
30/3/2023,2.00,7,1659,ใส
30/3/2023,23.00,7,2655,ต้มยำ
30/3/2023,17.00,2,614,ใส
30/3/2023,7.00,6,2172,ใส
30/3/2023,18.00,4,1193,ดำ
30/3/2023,17.00,4,1074,ใส
30/3/2023,15.00,2,508,หม่าล่า
30/3/2023,3.00,4,1113,ดำ
30/3/2023,15.00,2,779,หม่าล่า
30/3/2023,15.00,6,2280,ต้มยำ
30/3/2023,24.00,7,2320,ใส
30/3/2023,2.00,4,893,หม่าล่า
31/3/2023,14.00,3,632,หม่าล่า
31/3/2023,7.00,3,1142,หม่าล่า
31/3/2023,12.00,3,975,หม่าล่า
31/3/2023,10.00,4,1352,ต้มยำ
31/3/2023,14.00,7,1802,ใส
31/3/2023,4.00,2,667,ใส
31/3/2023,15.00,2,796,ต้มยำ
31/3/2023,9.00,2,431,หม่าล่า
31/3/2023,9.00,6,2064,ใส
31/3/2023,22.00,6,1212,หม่าล่า
31/3/2023,8.00,5,1198,ดำ
31/3/2023,11.00,2,455,ต้มยำ
31/3/2023,6.00,6,1721,ดำ
31/3/2023,19.00,7,2040,ใส
31/3/2023,12.00,3,919,หม่าล่า
31/3/2023,4.00,7,1648,ต้มยำ
1/4/2023,16.00,3,724,ดำ
1/4/2023,10.00,4,850,หม่าล่า
1/4/2023,4.00,5,1507,ใส
1/4/2023,19.00,4,1583,ต้มยำ
1/4/2023,11.00,5,1183,ใส
1/4/2023,11.00,3,804,หม่าล่า
1/4/2023,21.00,3,1123,ใส
1/4/2023,8.00,3,984,ใส
1/4/2023,11.00,6,2064,หม่าล่า
1/4/2023,8.00,2,645,ดำ
1/4/2023,21.00,3,807,ต้มยำ
1/4/2023,23.00,2,635,ใส
1/4/2023,14.00,4,1230,ใส
1/4/2023,2.00,3,620,ใส
1/4/2023,8.00,6,2027,หม่าล่า
2/4/2023,2.00,4,810,ดำ
2/4/2023,8.00,4,812,ต้มยำ
2/4/2023,24.00,4,1255,หม่าล่า
2/4/2023,14.00,7,2389,หม่าล่า
2/4/2023,18.00,3,988,ต้มยำ
2/4/2023,15.00,5,1045,ดำ
2/4/2023,12.00,5,1075,ดำ
2/4/2023,11.00,7,2592,ต้มยำ
2/4/2023,20.00,2,738,ต้มยำ
2/4/2023,10.00,6,2279,หม่าล่า
2/4/2023,7.00,4,1485,ใส
2/4/2023,5.00,5,1578,ใส
2/4/2023,19.00,4,1083,ต้มยำ
2/4/2023,11.00,5,1351,ใส
2/4/2023,12.00,3,693,หม่าล่า
2/4/2023,22.00,3,673,ดำ
2/4/2023,2.00,4,1309,ต้มยำ
2/4/2023,6.00,7,2236,ดำ
2/4/2023,7.00,3,732,ดำ
2/4/2023,8.00,4,1155,หม่าล่า
2/4/2023,18.00,3,1002,ต้มยำ
2/4/2023,18.00,6,2215,ดำ
2/4/2023,16.00,7,1473,ใส
3/4/2023,14.00,2,708,ดำ
3/4/2023,10.00,6,2191,ใส
3/4/2023,10.00,3,1110,หม่าล่า
3/4/2023,11.00,7,1495,ใส
3/4/2023,4.00,7,2351,หม่าล่า
3/4/2023,10.00,5,1574,ดำ
3/4/2023,13.00,4,1476,ดำ
3/4/2023,19.00,5,1496,ดำ
3/4/2023,2.00,6,1439,ดำ
3/4/2023,8.00,4,1349,หม่าล่า
3/4/2023,5.00,5,1306,หม่าล่า
3/4/2023,22.00,4,1082,ดำ
3/4/2023,10.00,6,1806,ต้มยำ
3/4/2023,10.00,2,767,ใส
4/4/2023,23.00,2,583,หม่าล่า
4/4/2023,10.00,4,1383,ใส
4/4/2023,2.00,2,527,หม่าล่า
4/4/2023,2.00,7,1613,ต้มยำ
4/4/2023,19.00,3,722,ใส
4/4/2023,15.00,2,685,ต้มยำ
4/4/2023,14.00,5,1954,ใส
4/4/2023,9.00,4,1090,ใส
4/4/2023,18.00,5,1560,หม่าล่า
4/4/2023,2.00,2,616,ดำ
4/4/2023,18.00,6,2050,ดำ
4/4/2023,8.00,6,1839,ดำ
5/4/2023,2.00,7,1975,ดำ
5/4/2023,13.00,2,495,ดำ
5/4/2023,12.00,7,1874,ต้มยำ
5/4/2023,8.00,5,1638,หม่าล่า
5/4/2023,8.00,4,1062,ใส
5/4/2023,23.00,3,908,ต้มยำ
5/4/2023,21.00,4,998,ใส
5/4/2023,2.00,6,1778,ดำ
5/4/2023,6.00,3,708,ดำ
5/4/2023,14.00,3,729,หม่าล่า
5/4/2023,19.00,6,1258,ต้มยำ
5/4/2023,8.00,7,2273,ต้มยำ
6/4/2023,17.00,7,2185,ต้มยำ
6/4/2023,23.00,3,1037,ต้มยำ
6/4/2023,24.00,2,762,ต้มยำ
6/4/2023,22.00,7,2312,ใส
6/4/2023,21.00,6,1626,หม่าล่า
6/4/2023,18.00,5,1846,ต้มยำ
6/4/2023,20.00,4,947,หม่าล่า
6/4/2023,8.00,2,793,หม่าล่า
6/4/2023,8.00,7,1750,หม่าล่า
6/4/2023,8.00,7,1403,ใส
6/4/2023,2.00,5,1088,ต้มยำ
6/4/2023,13.00,2,398,หม่าล่า
6/4/2023,12.00,3,945,หม่าล่า
6/4/2023,15.00,7,1530,ต้มยำ
6/4/2023,5.00,5,1572,ต้มยำ
6/4/2023,10.00,6,2345,ใส
6/4/2023,15.00,2,564,ต้มยำ
6/4/2023,16.00,2,497,ต้มยำ
7/4/2023,21.00,6,2329,ดำ
7/4/2023,23.00,2,766,หม่าล่า
7/4/2023,13.00,4,1031,ใส
7/4/2023,20.00,7,2090,ต้มยำ
7/4/2023,4.00,5,1903,หม่าล่า
7/4/2023,4.00,6,2335,หม่าล่า
7/4/2023,2.00,5,1460,ดำ
7/4/2023,5.00,2,740,หม่าล่า
7/4/2023,8.00,5,1395,ใส
7/4/2023,16.00,7,2434,ใส
7/4/2023,13.00,5,999,ดำ
7/4/2023,17.00,5,1227,ใส
7/4/2023,20.00,2,416,ต้มยำ
7/4/2023,4.00,6,1759,ดำ
7/4/2023,4.00,5,1370,ต้มยำ
7/4/2023,8.00,3,1151,ต้มยำ
7/4/2023,6.00,7,2637,ดำ
7/4/2023,17.00,3,869,ดำ
7/4/2023,17.00,7,2049,ต้มยำ
7/4/2023,17.00,3,1038,ต้มยำ
7/4/2023,12.00,2,408,ใส
7/4/2023,24.00,2,400,หม่าล่า
7/4/2023,18.00,3,1081,ต้มยำ
7/4/2023,19.00,6,2118,ต้มยำ
7/4/2023,19.00,3,602,ดำ
7/4/2023,20.00,7,2478,ดำ
7/4/2023,19.00,6,2351,หม่าล่า
8/4/2023,17.00,4,799,หม่าล่า
8/4/2023,20.00,4,1221,ดำ
8/4/2023,21.00,4,867,ต้มยำ
8/4/2023,19.00,7,2428,ต้มยำ
8/4/2023,16.00,2,528,หม่าล่า
8/4/2023,20.00,6,1945,หม่าล่า
8/4/2023,18.00,6,2289,หม่าล่า
8/4/2023,18.00,2,628,ใส
8/4/2023,20.00,3,730,ใส
8/4/2023,16.00,5,1952,หม่าล่า
8/4/2023,16.00,6,1837,หม่าล่า
8/4/2023,18.00,2,694,ดำ
8/4/2023,17.00,5,1385,ใส
8/4/2023,17.00,2,719,ดำ
8/4/2023,19.00,3,891,ใส
8/4/2023,19.00,2,669,หม่าล่า
8/4/2023,19.00,4,1435,ใส
8/4/2023,18.00,4,1117,ใส
8/4/2023,16.00,7,1489,ต้มยำ
8/4/2023,19.00,5,1315,ดำ
8/4/2023,20.00,7,1456,หม่าล่า
8/4/2023,21.00,5,1164,ต้มยำ
8/4/2023,17.00,4,1537,ใส
8/4/2023,17.00,3,706,ต้มยำ
8/4/2023,20.00,6,1438,ดำ
8/4/2023,21.00,6,1976,ดำ
8/4/2023,17.00,4,875,ใส
8/4/2023,20.00,5,1157,ใส
8/4/2023,21.00,7,2634,ต้มยำ
8/4/2023,19.00,6,1614,ดำ
8/4/2023,17.00,2,651,หม่าล่า
8/4/2023,20.00,7,1620,ใส
8/4/2023,21.00,2,476,ต้มยำ
9/4/2023,16.00,7,2253,ใส
9/4/2023,16.00,2,759,หม่าล่า
9/4/2023,18.00,6,1823,ต้มยำ
9/4/2023,20.00,4,1143,ดำ
9/4/2023,16.00,4,1592,ต้มยำ
9/4/2023,19.00,4,1365,ใส
9/4/2023,17.00,3,870,ดำ
9/4/2023,20.00,5,1384,ต้มยำ
9/4/2023,17.00,3,1101,ต้มยำ
9/4/2023,20.00,2,724,ดำ
9/4/2023,20.00,4,1505,ต้มยำ
9/4/2023,21.00,6,1551,ดำ
9/4/2023,16.00,2,785,ดำ
9/4/2023,19.00,3,1014,ดำ
9/4/2023,18.00,6,1223,หม่าล่า
9/4/2023,21.00,7,1475,ใส
9/4/2023,14.00,2,573,ต้มยำ
9/4/2023,19.00,6,2079,หม่าล่า
10/4/2023,15.00,7,2010,ดำ
10/4/2023,18.00,4,931,ดำ
10/4/2023,18.00,2,719,หม่าล่า
10/4/2023,14.00,2,756,ใส
10/4/2023,24.00,3,965,ดำ
10/4/2023,20.00,5,1035,หม่าล่า
10/4/2023,17.00,7,2474,ใส
10/4/2023,17.00,3,648,ดำ
10/4/2023,8.00,3,905,ดำ
10/4/2023,7.00,4,993,ใส
10/4/2023,16.00,7,2304,ต้มยำ
10/4/2023,21.00,4,1385,หม่าล่า
10/4/2023,17.00,6,1432,ดำ
10/4/2023,17.00,2,420,ดำ
10/4/2023,16.00,2,461,หม่าล่า
10/4/2023,6.00,7,2000,ดำ
10/4/2023,19.00,3,1023,ใส
10/4/2023,3.00,4,1075,ต้มยำ
10/4/2023,10.00,6,1795,ต้มยำ
10/4/2023,9.00,2,751,ดำ
10/4/2023,5.00,5,1538,ใส
10/4/2023,20.00,5,1227,ดำ
11/4/2023,23.00,6,2198,ดำ
11/4/2023,23.00,3,614,หม่าล่า
11/4/2023,10.00,6,1382,ใส
11/4/2023,8.00,4,1426,ต้มยำ
11/4/2023,8.00,6,2163,ใส
11/4/2023,11.00,3,763,ดำ
11/4/2023,2.00,7,2206,หม่าล่า
11/4/2023,5.00,6,1517,หม่าล่า
11/4/2023,10.00,3,699,ต้มยำ
11/4/2023,16.00,7,2592,ใส
11/4/2023,24.00,6,1261,หม่าล่า
11/4/2023,12.00,2,746,ดำ
11/4/2023,4.00,4,1474,ใส
11/4/2023,8.00,4,1436,ดำ
11/4/2023,9.00,7,2150,หม่าล่า
11/4/2023,18.00,5,1639,ดำ
11/4/2023,6.00,4,1327,ใส
11/4/2023,21.00,5,1406,ต้มยำ
11/4/2023,3.00,5,1155,ดำ
11/4/2023,4.00,6,2373,ต้มยำ
11/4/2023,21.00,6,2075,ต้มยำ
11/4/2023,20.00,4,811,หม่าล่า
11/4/2023,15.00,5,1376,ต้มยำ
12/4/2023,8.00,5,1507,ดำ
12/4/2023,5.00,5,1749,หม่าล่า
12/4/2023,8.00,4,1479,ดำ
12/4/2023,7.00,2,604,ดำ
12/4/2023,11.00,4,1329,ดำ
12/4/2023,2.00,5,1563,หม่าล่า
12/4/2023,2.00,2,584,หม่าล่า
12/4/2023,9.00,2,606,ต้มยำ
12/4/2023,2.00,3,617,ใส
12/4/2023,2.00,5,1413,ต้มยำ
12/4/2023,9.00,5,1368,หม่าล่า
12/4/2023,13.00,7,2692,หม่าล่า
12/4/2023,15.00,4,900,ใส
12/4/2023,9.00,2,431,หม่าล่า
12/4/2023,10.00,5,1227,ต้มยำ
12/4/2023,7.00,2,561,หม่าล่า
12/4/2023,19.00,2,659,ต้มยำ
12/4/2023,3.00,2,538,หม่าล่า
12/4/2023,11.00,5,1378,ต้มยำ
12/4/2023,4.00,7,2039,ดำ
12/4/2023,24.00,4,823,หม่าล่า
12/4/2023,6.00,5,1941,ใส
12/4/2023,9.00,2,691,หม่าล่า
12/4/2023,14.00,5,1669,ต้มยำ
12/4/2023,16.00,7,2662,ดำ
13/4/2023,8.00,5,1758,ดำ
13/4/2023,2.00,3,1046,ใส
13/4/2023,17.00,2,470,หม่าล่า
13/4/2023,3.00,6,1421,ดำ
13/4/2023,21.00,6,1458,ใส
13/4/2023,18.00,5,1054,ต้มยำ
13/4/2023,8.00,5,1809,ใส
13/4/2023,16.00,4,1174,หม่าล่า
13/4/2023,3.00,5,1039,หม่าล่า
13/4/2023,21.00,6,2123,ใส
13/4/2023,8.00,3,994,ดำ
13/4/2023,23.00,6,2114,ต้มยำ
13/4/2023,15.00,5,1203,ดำ
13/4/2023,16.00,2,405,ดำ
13/4/2023,10.00,3,1039,ดำ
13/4/2023,10.00,7,2274,ต้มยำ
13/4/2023,7.00,4,954,หม่าล่า
13/4/2023,6.00,6,2002,ต้มยำ
13/4/2023,7.00,4,1360,ต้มยำ
13/4/2023,12.00,4,1386,ดำ
13/4/2023,13.00,4,1407,หม่าล่า
13/4/2023,13.00,3,892,ดำ
14/4/2023,21.00,4,1324,หม่าล่า
14/4/2023,17.00,7,1951,ต้มยำ
14/4/2023,13.00,4,1058,ต้มยำ
14/4/2023,4.00,7,1756,ต้มยำ
14/4/2023,20.00,7,2421,ใส
14/4/2023,8.00,6,2040,ดำ
14/4/2023,10.00,7,2067,ดำ
14/4/2023,5.00,3,904,ดำ
14/4/2023,23.00,7,1723,ใส
14/4/2023,19.00,3,691,ใส
14/4/2023,14.00,7,2361,หม่าล่า
14/4/2023,15.00,4,1579,ใส
14/4/2023,2.00,3,1009,ดำ
14/4/2023,18.00,3,1002,ใส
14/4/2023,13.00,3,1102,ต้มยำ
14/4/2023,13.00,5,1424,ต้มยำ
14/4/2023,17.00,7,1469,ต้มยำ
14/4/2023,4.00,2,450,หม่าล่า
14/4/2023,18.00,3,1066,ต้มยำ
14/4/2023,18.00,2,484,ใส
15/4/2023,24.00,7,2633,ต้มยำ
15/4/2023,22.00,4,1075,ต้มยำ
15/4/2023,18.00,7,2379,หม่าล่า
15/4/2023,18.00,6,2156,หม่าล่า
15/4/2023,11.00,5,1097,ต้มยำ
15/4/2023,23.00,5,1597,หม่าล่า
15/4/2023,15.00,3,602,หม่าล่า
15/4/2023,13.00,3,874,หม่าล่า
15/4/2023,2.00,6,1982,ต้มยำ
15/4/2023,5.00,6,1920,ต้มยำ
15/4/2023,6.00,6,1371,ใส
15/4/2023,8.00,5,1481,ต้มยำ
15/4/2023,12.00,3,676,หม่าล่า
15/4/2023,22.00,6,1612,ดำ
15/4/2023,3.00,6,1207,ต้มยำ
15/4/2023,3.00,6,1455,หม่าล่า
15/4/2023,2.00,6,1650,ดำ
15/4/2023,7.00,2,621,ต้มยำ
15/4/2023,10.00,4,962,ใส
15/4/2023,8.00,5,1713,หม่าล่า
15/4/2023,16.00,4,1347,ใส
15/4/2023,7.00,4,1285,ใส
16/4/2023,14.00,5,1426,ต้มยำ
16/4/2023,23.00,3,821,ต้มยำ
16/4/2023,21.00,2,781,ดำ
16/4/2023,7.00,4,873,ต้มยำ
16/4/2023,23.00,5,1218,หม่าล่า
16/4/2023,19.00,6,1271,ใส
16/4/2023,3.00,5,1006,ใส
16/4/2023,18.00,2,558,หม่าล่า
16/4/2023,4.00,3,1179,ใส
16/4/2023,11.00,3,1161,หม่าล่า
16/4/2023,21.00,2,639,ต้มยำ
16/4/2023,7.00,7,2358,ดำ
16/4/2023,8.00,5,1087,ดำ
16/4/2023,12.00,2,529,หม่าล่า
16/4/2023,3.00,3,1087,ต้มยำ
16/4/2023,13.00,2,647,หม่าล่า
16/4/2023,17.00,3,781,ต้มยำ
16/4/2023,11.00,5,1534,ต้มยำ
16/4/2023,11.00,6,1368,ใส
16/4/2023,6.00,6,1841,ต้มยำ
16/4/2023,11.00,6,1362,หม่าล่า
16/4/2023,17.00,3,903,ดำ
16/4/2023,12.00,2,407,ดำ
16/4/2023,4.00,5,1211,ต้มยำ
16/4/2023,17.00,5,1805,ใส
17/4/2023,18.00,4,1144,ดำ
17/4/2023,9.00,3,920,ดำ
17/4/2023,13.00,4,1386,หม่าล่า
17/4/2023,2.00,3,776,ดำ
17/4/2023,3.00,4,1308,ต้มยำ
17/4/2023,5.00,7,1814,ใส
17/4/2023,12.00,3,1188,ต้มยำ
17/4/2023,13.00,5,1560,ใส
17/4/2023,13.00,6,1991,ดำ
17/4/2023,12.00,5,1193,ดำ
17/4/2023,3.00,4,1342,หม่าล่า
18/4/2023,21.00,4,872,ดำ
18/4/2023,8.00,3,637,ดำ
18/4/2023,16.00,6,1576,ต้มยำ
18/4/2023,8.00,4,1550,หม่าล่า
18/4/2023,18.00,6,1896,ดำ
18/4/2023,16.00,6,2185,ใส
18/4/2023,17.00,7,1969,หม่าล่า
18/4/2023,16.00,5,1844,ต้มยำ
18/4/2023,21.00,5,1382,หม่าล่า
18/4/2023,17.00,4,1442,หม่าล่า
18/4/2023,17.00,5,1207,ดำ
18/4/2023,17.00,7,2624,ต้มยำ
18/4/2023,21.00,6,2115,ดำ
18/4/2023,19.00,3,646,หม่าล่า
18/4/2023,19.00,5,1425,หม่าล่า
18/4/2023,18.00,6,1964,ดำ
18/4/2023,20.00,7,2205,ดำ
19/4/2023,18.00,4,1361,หม่าล่า
19/4/2023,20.00,6,1826,ใส
19/4/2023,18.00,5,1089,ต้มยำ
19/4/2023,21.00,3,909,หม่าล่า
19/4/2023,17.00,7,2355,หม่าล่า
19/4/2023,17.00,6,1392,ดำ
19/4/2023,19.00,2,568,ใส
19/4/2023,20.00,7,2014,ดำ
19/4/2023,19.00,6,1428,ต้มยำ
19/4/2023,17.00,6,1740,ต้มยำ
19/4/2023,20.00,2,469,หม่าล่า
19/4/2023,20.00,7,2682,หม่าล่า
19/4/2023,17.00,4,850,ต้มยำ
19/4/2023,16.00,5,1527,ดำ
19/4/2023,18.00,6,1496,ใส
19/4/2023,20.00,5,1290,ต้มยำ
19/4/2023,18.00,5,1479,หม่าล่า
19/4/2023,19.00,5,1411,ต้มยำ
19/4/2023,16.00,5,1285,ต้มยำ
19/4/2023,19.00,6,2035,ดำ
20/4/2023,19.00,7,1728,ใส
20/4/2023,17.00,2,450,ต้มยำ
20/4/2023,20.00,6,1380,ใส
20/4/2023,18.00,4,1581,ต้มยำ
20/4/2023,18.00,4,1276,ดำ
20/4/2023,20.00,5,1231,ต้มยำ
20/4/2023,18.00,5,1682,หม่าล่า
20/4/2023,19.00,2,641,ใส
20/4/2023,18.00,2,520,ดำ
20/4/2023,19.00,7,1521,ดำ
20/4/2023,21.00,7,1986,ต้มยำ
20/4/2023,16.00,5,1425,หม่าล่า
20/4/2023,20.00,2,642,ต้มยำ
20/4/2023,21.00,3,837,ใส
20/4/2023,16.00,2,530,หม่าล่า
20/4/2023,17.00,7,2578,ต้มยำ
20/4/2023,21.00,7,2139,หม่าล่า
20/4/2023,18.00,2,457,หม่าล่า
20/4/2023,16.00,6,2041,หม่าล่า
21/4/2023,21.00,6,2039,ดำ
21/4/2023,16.00,6,1958,ต้มยำ
21/4/2023,18.00,7,1622,ดำ
21/4/2023,17.00,6,1942,ต้มยำ
21/4/2023,16.00,5,1488,หม่าล่า
21/4/2023,17.00,7,2028,ดำ
21/4/2023,16.00,4,960,หม่าล่า
21/4/2023,19.00,4,937,หม่าล่า
21/4/2023,21.00,5,1773,ใส
21/4/2023,21.00,5,1554,ใส
21/4/2023,20.00,7,2383,หม่าล่า
21/4/2023,17.00,3,1026,ดำ
21/4/2023,21.00,6,1410,หม่าล่า
21/4/2023,20.00,2,504,ดำ
21/4/2023,19.00,6,1715,ต้มยำ
21/4/2023,18.00,7,2698,หม่าล่า
21/4/2023,16.00,4,1092,หม่าล่า
21/4/2023,21.00,7,2355,ต้มยำ
21/4/2023,18.00,5,1541,ดำ
21/4/2023,20.00,7,2467,ดำ
21/4/2023,20.00,4,1332,ดำ
21/4/2023,19.00,5,1145,ดำ
22/4/2023,18.00,6,1408,ใส
22/4/2023,21.00,7,1501,ใส
22/4/2023,19.00,2,737,ดำ
22/4/2023,18.00,7,1629,หม่าล่า
22/4/2023,20.00,2,532,ต้มยำ
22/4/2023,19.00,4,1297,ดำ
22/4/2023,20.00,6,1953,หม่าล่า
22/4/2023,20.00,3,756,ใส
22/4/2023,17.00,5,1436,ใส
22/4/2023,21.00,7,1494,หม่าล่า
22/4/2023,18.00,6,1719,ดำ
22/4/2023,19.00,5,1688,หม่าล่า
22/4/2023,19.00,2,784,หม่าล่า
22/4/2023,17.00,7,2346,ต้มยำ
22/4/2023,17.00,5,1745,ต้มยำ
22/4/2023,19.00,7,2631,หม่าล่า
22/4/2023,19.00,5,1096,ต้มยำ
23/4/2023,16.00,3,850,ใส
23/4/2023,20.00,3,913,ดำ
23/4/2023,20.00,6,2277,ดำ
23/4/2023,17.00,2,639,ดำ
23/4/2023,19.00,7,2608,ใส
23/4/2023,16.00,2,452,หม่าล่า
23/4/2023,21.00,3,1014,ใส
23/4/2023,16.00,6,1230,ดำ
23/4/2023,21.00,5,1963,หม่าล่า
23/4/2023,21.00,3,824,ต้มยำ
23/4/2023,18.00,3,1166,ใส
23/4/2023,21.00,6,1463,หม่าล่า
23/4/2023,17.00,5,1614,หม่าล่า
23/4/2023,16.00,5,1425,ใส
23/4/2023,20.00,7,2142,ดำ
23/4/2023,20.00,2,646,ดำ
23/4/2023,21.00,6,1452,ใส
23/4/2023,16.00,6,1909,ดำ
24/4/2023,18.00,5,1464,ดำ
24/4/2023,19.00,3,721,ดำ
24/4/2023,16.00,7,1856,ต้มยำ
24/4/2023,19.00,3,764,ดำ
24/4/2023,18.00,7,2424,ใส
24/4/2023,3.00,2,581,ใส
24/4/2023,6.00,5,1667,หม่าล่า
24/4/2023,21.00,5,1031,ดำ
24/4/2023,14.00,7,2371,หม่าล่า
24/4/2023,9.00,7,1599,ต้มยำ
24/4/2023,2.00,5,1053,ใส
24/4/2023,8.00,2,616,หม่าล่า
24/4/2023,11.00,5,1015,ต้มยำ
24/4/2023,21.00,4,1387,ใส
24/4/2023,7.00,4,1228,ดำ
24/4/2023,24.00,6,2075,ใส
24/4/2023,21.00,5,1595,ใส
24/4/2023,4.00,6,1912,หม่าล่า
24/4/2023,21.00,4,1390,ดำ
24/4/2023,17.00,5,1781,ดำ
24/4/2023,6.00,6,1983,ต้มยำ
24/4/2023,21.00,3,912,หม่าล่า
24/4/2023,6.00,7,1666,ดำ
24/4/2023,12.00,2,563,ใส
24/4/2023,21.00,4,1252,ต้มยำ
25/4/2023,5.00,5,1870,ต้มยำ
25/4/2023,12.00,3,1119,ต้มยำ
25/4/2023,17.00,5,1845,ต้มยำ
25/4/2023,9.00,6,1546,ใส
25/4/2023,10.00,5,1879,ต้มยำ
25/4/2023,22.00,3,1157,ดำ
25/4/2023,14.00,3,770,หม่าล่า
25/4/2023,22.00,4,1052,ใส
25/4/2023,13.00,6,2120,หม่าล่า
25/4/2023,3.00,3,651,หม่าล่า
25/4/2023,8.00,2,466,หม่าล่า
25/4/2023,12.00,3,759,ใส
25/4/2023,16.00,3,1082,ดำ
25/4/2023,15.00,5,1465,ใส
25/4/2023,14.00,4,1160,ใส
25/4/2023,3.00,3,1129,ต้มยำ
25/4/2023,7.00,6,1660,หม่าล่า
25/4/2023,9.00,3,793,ใส
25/4/2023,13.00,5,1772,ดำ
26/4/2023,18.00,5,1869,ดำ
26/4/2023,5.00,2,680,ดำ
26/4/2023,16.00,5,1323,หม่าล่า
26/4/2023,24.00,6,1811,ดำ
26/4/2023,15.00,2,488,ใส
26/4/2023,6.00,2,555,ใส
26/4/2023,23.00,7,2099,ต้มยำ
26/4/2023,21.00,2,404,ใส
26/4/2023,16.00,6,1334,ใส
26/4/2023,20.00,6,1904,ใส
26/4/2023,5.00,5,1273,ใส
26/4/2023,5.00,5,1512,ต้มยำ
26/4/2023,10.00,4,834,ใส
26/4/2023,24.00,6,1364,หม่าล่า
26/4/2023,12.00,3,893,หม่าล่า
26/4/2023,16.00,5,1246,ใส
26/4/2023,21.00,4,1257,ดำ
26/4/2023,13.00,4,1595,ดำ
26/4/2023,13.00,7,2164,ใส
26/4/2023,9.00,7,2707,หม่าล่า
26/4/2023,8.00,6,1987,ดำ
27/4/2023,16.00,6,1821,หม่าล่า
27/4/2023,11.00,6,2173,หม่าล่า
27/4/2023,23.00,4,1049,ต้มยำ
27/4/2023,10.00,3,897,ดำ
27/4/2023,11.00,2,529,ต้มยำ
27/4/2023,18.00,6,1994,ดำ
27/4/2023,14.00,4,932,หม่าล่า
27/4/2023,23.00,2,533,ใส
27/4/2023,3.00,3,828,ใส
27/4/2023,3.00,7,1604,หม่าล่า
27/4/2023,12.00,2,593,ใส
27/4/2023,7.00,3,1025,ดำ
27/4/2023,9.00,7,1985,ต้มยำ
27/4/2023,7.00,6,1875,ใส
27/4/2023,11.00,3,1072,ดำ
27/4/2023,2.00,2,760,ต้มยำ
27/4/2023,12.00,5,1946,ใส
27/4/2023,11.00,4,1231,ใส
27/4/2023,5.00,4,1180,หม่าล่า
27/4/2023,8.00,6,1642,ต้มยำ
27/4/2023,14.00,3,993,หม่าล่า
27/4/2023,2.00,5,1130,ใส
27/4/2023,13.00,4,974,ดำ
27/4/2023,14.00,7,2236,ใส
27/4/2023,6.00,2,621,หม่าล่า
27/4/2023,10.00,3,919,หม่าล่า
27/4/2023,15.00,2,730,หม่าล่า
27/4/2023,16.00,4,1408,หม่าล่า
27/4/2023,8.00,2,533,ดำ
27/4/2023,19.00,6,1442,ดำ
27/4/2023,17.00,6,1221,ใส
27/4/2023,5.00,4,937,ใส
27/4/2023,6.00,5,1963,ต้มยำ
27/4/2023,17.00,4,1562,หม่าล่า
28/4/2023,19.00,3,1137,ใส
28/4/2023,12.00,2,400,ต้มยำ
28/4/2023,19.00,7,1725,ใส
28/4/2023,19.00,7,1492,หม่าล่า
28/4/2023,9.00,6,1656,ใส
28/4/2023,22.00,4,1305,หม่าล่า
28/4/2023,6.00,4,811,ดำ
28/4/2023,12.00,2,562,หม่าล่า
28/4/2023,22.00,4,1458,ดำ
28/4/2023,3.00,5,1550,ดำ
28/4/2023,18.00,4,1099,หม่าล่า
28/4/2023,21.00,7,2405,หม่าล่า
28/4/2023,16.00,6,2101,ต้มยำ
28/4/2023,10.00,3,1031,ใส
28/4/2023,3.00,5,1479,ต้มยำ
28/4/2023,2.00,5,1317,ใส
28/4/2023,9.00,7,2109,หม่าล่า
28/4/2023,18.00,3,698,ต้มยำ
28/4/2023,5.00,5,1148,หม่าล่า
29/4/2023,15.00,2,424,ใส
29/4/2023,2.00,3,1114,ดำ
29/4/2023,3.00,5,1384,ดำ
29/4/2023,21.00,3,1179,ดำ
29/4/2023,16.00,4,1090,ใส
29/4/2023,6.00,3,916,ดำ
29/4/2023,15.00,6,1208,ต้มยำ
29/4/2023,21.00,7,2454,ใส
29/4/2023,10.00,6,1441,ใส
29/4/2023,2.00,6,1781,หม่าล่า
29/4/2023,2.00,3,689,หม่าล่า
29/4/2023,3.00,3,755,หม่าล่า
29/4/2023,24.00,3,1103,ใส
29/4/2023,14.00,4,1164,หม่าล่า
29/4/2023,22.00,7,2342,ต้มยำ
29/4/2023,17.00,7,1669,ดำ
30/4/2023,4.00,5,1219,หม่าล่า
30/4/2023,14.00,4,954,ต้มยำ
30/4/2023,13.00,7,1604,ต้มยำ
30/4/2023,12.00,5,1595,ต้มยำ
30/4/2023,2.00,3,924,ต้มยำ
30/4/2023,11.00,6,1923,หม่าล่า
30/4/2023,18.00,6,2247,หม่าล่า
30/4/2023,14.00,7,2447,ใส
30/4/2023,6.00,3,690,ดำ
30/4/2023,13.00,7,2690,ต้มยำ
30/4/2023,2.00,3,1176,ต้มยำ
30/4/2023,9.00,2,573,ดำ
30/4/2023,8.00,2,517,ดำ
30/4/2023,12.00,4,1427,ต้มยำ
30/4/2023,14.00,4,1050,ต้มยำ
30/4/2023,15.00,2,651,ต้มยำ
30/4/2023,9.00,3,1102,ใส
30/4/2023,16.00,6,1604,หม่าล่า
30/4/2023,4.00,5,1511,ดำ
30/4/2023,13.00,5,1745,ใส
1/5/2023,17.00,5,1974,ต้มยำ
1/5/2023,9.00,2,627,ใส
1/5/2023,7.00,2,461,ดำ
1/5/2023,4.00,2,716,ใส
1/5/2023,5.00,7,1804,ใส
1/5/2023,24.00,4,1209,หม่าล่า
1/5/2023,5.00,4,1279,ใส
1/5/2023,8.00,7,1646,หม่าล่า
1/5/2023,4.00,4,892,ดำ
1/5/2023,16.00,3,1099,หม่าล่า
1/5/2023,6.00,5,1502,หม่าล่า
1/5/2023,15.00,2,773,ใส
1/5/2023,4.00,7,2218,ต้มยำ
1/5/2023,23.00,3,801,ต้มยำ
1/5/2023,4.00,2,528,ดำ
1/5/2023,3.00,5,1910,หม่าล่า
1/5/2023,20.00,7,1665,หม่าล่า
1/5/2023,19.00,3,873,ใส
2/5/2023,8.00,5,1586,ต้มยำ
2/5/2023,7.00,3,648,ดำ
2/5/2023,7.00,4,1178,หม่าล่า
2/5/2023,9.00,4,1233,ใส
2/5/2023,19.00,5,1259,ต้มยำ
2/5/2023,5.00,3,899,หม่าล่า
2/5/2023,22.00,6,1429,ต้มยำ
2/5/2023,5.00,3,1065,ดำ
2/5/2023,6.00,3,1186,ต้มยำ
2/5/2023,14.00,2,472,ใส
2/5/2023,6.00,4,1297,ดำ
2/5/2023,6.00,5,1092,หม่าล่า
2/5/2023,6.00,6,2341,ดำ
2/5/2023,2.00,3,619,ดำ
2/5/2023,16.00,4,1152,ต้มยำ
2/5/2023,7.00,4,1432,หม่าล่า
2/5/2023,5.00,6,2077,ใส
2/5/2023,8.00,6,1600,ใส
2/5/2023,23.00,7,1627,ต้มยำ
2/5/2023,9.00,2,665,ใส
2/5/2023,21.00,2,775,ใส
2/5/2023,21.00,6,1398,ใส
3/5/2023,6.00,3,814,ใส
3/5/2023,14.00,5,1107,หม่าล่า
3/5/2023,6.00,6,2394,หม่าล่า
3/5/2023,15.00,7,1431,ใส
3/5/2023,3.00,7,2527,ใส
3/5/2023,5.00,6,1721,ดำ
3/5/2023,12.00,4,1483,ใส
3/5/2023,12.00,5,1976,ดำ
3/5/2023,3.00,3,975,ดำ
3/5/2023,9.00,4,1282,ต้มยำ
3/5/2023,17.00,5,1486,ใส
3/5/2023,3.00,7,2753,หม่าล่า
3/5/2023,17.00,5,1412,ใส
3/5/2023,14.00,6,1576,หม่าล่า
3/5/2023,7.00,2,605,ดำ
4/5/2023,20.00,5,1831,ดำ
4/5/2023,24.00,2,738,ใส
4/5/2023,4.00,3,631,หม่าล่า
4/5/2023,18.00,2,790,ใส
4/5/2023,3.00,6,1951,ดำ
4/5/2023,13.00,2,628,ต้มยำ
4/5/2023,3.00,4,1078,ดำ
4/5/2023,24.00,6,1642,ใส
4/5/2023,20.00,4,1511,ดำ
4/5/2023,16.00,3,680,ดำ
4/5/2023,14.00,6,1274,ใส
4/5/2023,3.00,5,1303,หม่าล่า
4/5/2023,22.00,5,1894,ดำ
4/5/2023,12.00,2,444,ดำ
4/5/2023,24.00,3,776,หม่าล่า
4/5/2023,5.00,6,1665,ใส
4/5/2023,5.00,4,1073,หม่าล่า
5/5/2023,16.00,4,1171,ต้มยำ
5/5/2023,15.00,5,1077,ใส
5/5/2023,10.00,6,1431,ต้มยำ
5/5/2023,18.00,7,2374,หม่าล่า
5/5/2023,18.00,3,724,ดำ
5/5/2023,2.00,3,1105,ดำ
5/5/2023,11.00,7,2047,ดำ
5/5/2023,3.00,4,952,ต้มยำ
5/5/2023,3.00,2,711,ใส
5/5/2023,6.00,3,852,ใส
5/5/2023,14.00,6,1909,ดำ
5/5/2023,15.00,2,740,ดำ
5/5/2023,11.00,3,1012,หม่าล่า
5/5/2023,7.00,5,1903,ต้มยำ
5/5/2023,11.00,4,932,ใส
5/5/2023,13.00,7,2414,ต้มยำ
5/5/2023,13.00,7,2264,ใส
5/5/2023,19.00,3,636,ใส
5/5/2023,19.00,2,617,ใส
5/5/2023,3.00,7,2027,ใส
5/5/2023,13.00,2,663,หม่าล่า
5/5/2023,4.00,5,1966,ใส
6/5/2023,21.00,4,1118,ใส
6/5/2023,10.00,7,2537,ต้มยำ
6/5/2023,22.00,2,609,ดำ
6/5/2023,21.00,6,1838,ต้มยำ
6/5/2023,19.00,7,1950,หม่าล่า
6/5/2023,12.00,2,632,ใส
6/5/2023,10.00,7,2432,ใส
6/5/2023,4.00,5,1651,ต้มยำ
6/5/2023,3.00,6,1231,หม่าล่า
6/5/2023,14.00,5,1915,ต้มยำ
6/5/2023,24.00,7,1805,หม่าล่า
6/5/2023,3.00,7,1443,หม่าล่า
6/5/2023,21.00,2,449,ใส
7/5/2023,22.00,3,898,ดำ
7/5/2023,19.00,3,802,ต้มยำ
7/5/2023,3.00,4,1112,ดำ
7/5/2023,6.00,2,616,ใส
7/5/2023,14.00,5,1117,ใส
7/5/2023,11.00,2,667,ต้มยำ
7/5/2023,12.00,2,630,ดำ
7/5/2023,24.00,6,1657,ดำ
7/5/2023,6.00,7,2560,ต้มยำ
7/5/2023,14.00,4,825,ต้มยำ
7/5/2023,5.00,3,952,ต้มยำ
7/5/2023,11.00,4,1024,ดำ
7/5/2023,23.00,4,1241,ใส
7/5/2023,22.00,3,1190,ใส
7/5/2023,19.00,6,2108,หม่าล่า
7/5/2023,21.00,3,1057,ดำ
8/5/2023,12.00,3,663,ดำ
8/5/2023,19.00,7,1941,หม่าล่า
8/5/2023,16.00,4,1518,ดำ
8/5/2023,13.00,4,1346,ใส
8/5/2023,4.00,6,1960,หม่าล่า
8/5/2023,9.00,4,985,หม่าล่า
8/5/2023,12.00,5,1491,ดำ
8/5/2023,7.00,6,2377,ใส
8/5/2023,22.00,7,1884,ดำ
8/5/2023,12.00,7,2684,ต้มยำ
8/5/2023,17.00,2,743,ใส
8/5/2023,5.00,4,1460,หม่าล่า
8/5/2023,3.00,7,2328,ดำ
9/5/2023,24.00,2,502,หม่าล่า
9/5/2023,6.00,3,756,ดำ
9/5/2023,20.00,7,2559,ต้มยำ
9/5/2023,23.00,6,2386,ต้มยำ
9/5/2023,23.00,3,852,ต้มยำ
9/5/2023,9.00,2,689,ต้มยำ
9/5/2023,23.00,6,1975,ใส
9/5/2023,23.00,6,1553,ต้มยำ
9/5/2023,5.00,2,726,หม่าล่า
9/5/2023,3.00,7,2322,ต้มยำ
9/5/2023,5.00,5,1482,หม่าล่า
9/5/2023,9.00,6,1878,ต้มยำ
9/5/2023,5.00,4,807,ใส
9/5/2023,3.00,7,1881,ดำ
9/5/2023,10.00,7,1571,ดำ
9/5/2023,2.00,3,748,ใส
9/5/2023,5.00,2,450,ดำ
9/5/2023,3.00,4,1384,ดำ
9/5/2023,11.00,2,538,ใส
9/5/2023,20.00,4,1362,หม่าล่า
9/5/2023,2.00,5,1006,หม่าล่า
9/5/2023,14.00,5,1768,หม่าล่า
9/5/2023,16.00,2,483,ดำ
9/5/2023,4.00,6,2191,ดำ
9/5/2023,12.00,2,728,ใส
9/5/2023,15.00,2,453,ดำ
9/5/2023,19.00,6,2158,หม่าล่า
9/5/2023,23.00,4,1188,ดำ
9/5/2023,15.00,7,1536,ต้มยำ
9/5/2023,20.00,4,914,ดำ
9/5/2023,8.00,5,1432,ใส
10/5/2023,5.00,3,1185,ดำ
10/5/2023,21.00,5,1781,ดำ
10/5/2023,18.00,2,563,หม่าล่า
10/5/2023,12.00,5,1326,ดำ
10/5/2023,8.00,3,978,ดำ
10/5/2023,2.00,4,1005,ใส
10/5/2023,17.00,3,964,ดำ
10/5/2023,14.00,4,1072,ต้มยำ
10/5/2023,18.00,2,703,ดำ
10/5/2023,12.00,2,608,ดำ
10/5/2023,16.00,4,1572,ต้มยำ
10/5/2023,19.00,2,450,ใส
10/5/2023,24.00,6,2258,ดำ
10/5/2023,4.00,7,1985,ต้มยำ
10/5/2023,11.00,3,1059,หม่าล่า
10/5/2023,19.00,6,1805,หม่าล่า
10/5/2023,13.00,3,835,ต้มยำ
10/5/2023,20.00,3,1075,ใส
10/5/2023,21.00,3,962,ต้มยำ
10/5/2023,20.00,6,1319,ต้มยำ
10/5/2023,16.00,6,1484,ใส
11/5/2023,2.00,6,1433,ต้มยำ
11/5/2023,23.00,5,1651,ใส
11/5/2023,24.00,3,1075,ต้มยำ
11/5/2023,18.00,2,684,ใส
11/5/2023,3.00,7,2658,ดำ
11/5/2023,12.00,6,1941,ต้มยำ
11/5/2023,11.00,6,2092,ต้มยำ
11/5/2023,24.00,3,868,ดำ
11/5/2023,19.00,3,1067,ดำ
11/5/2023,24.00,3,1095,ใส
11/5/2023,9.00,4,1450,ใส
11/5/2023,8.00,2,695,ต้มยำ
11/5/2023,21.00,6,1286,ดำ
11/5/2023,23.00,6,1499,หม่าล่า
11/5/2023,14.00,6,2196,หม่าล่า
11/5/2023,6.00,2,583,ต้มยำ
11/5/2023,20.00,2,634,ต้มยำ
11/5/2023,22.00,7,2096,ต้มยำ
12/5/2023,16.00,2,590,ดำ
12/5/2023,5.00,2,601,ใส
12/5/2023,23.00,6,1511,ต้มยำ
12/5/2023,5.00,2,691,ใส
12/5/2023,19.00,4,1492,ใส
12/5/2023,10.00,5,1492,ต้มยำ
12/5/2023,12.00,7,1436,ใส
12/5/2023,5.00,5,1898,ใส
12/5/2023,23.00,2,545,ต้มยำ
12/5/2023,9.00,5,1026,ใส
12/5/2023,7.00,3,632,ต้มยำ
12/5/2023,7.00,3,855,ดำ
12/5/2023,22.00,3,691,หม่าล่า
12/5/2023,13.00,3,655,ดำ
12/5/2023,16.00,4,1186,หม่าล่า
12/5/2023,18.00,7,2680,หม่าล่า
12/5/2023,20.00,5,1521,หม่าล่า
12/5/2023,18.00,5,1362,หม่าล่า
12/5/2023,2.00,2,502,ดำ
12/5/2023,18.00,3,678,หม่าล่า
12/5/2023,5.00,2,658,ใส
13/5/2023,4.00,2,457,ใส
13/5/2023,24.00,2,431,ใส
13/5/2023,21.00,2,704,ใส
13/5/2023,16.00,5,1319,ใส
13/5/2023,21.00,5,1789,ต้มยำ
13/5/2023,18.00,4,1155,ต้มยำ
13/5/2023,17.00,5,1234,ดำ
13/5/2023,18.00,5,1204,ดำ
13/5/2023,16.00,7,2645,ใส
13/5/2023,18.00,7,2330,ดำ
13/5/2023,21.00,7,1706,หม่าล่า
13/5/2023,21.00,4,1533,ดำ
13/5/2023,16.00,3,979,หม่าล่า
14/5/2023,18.00,5,1286,ดำ
14/5/2023,19.00,7,2406,ดำ
14/5/2023,18.00,5,1044,ต้มยำ
14/5/2023,20.00,4,899,ใส
14/5/2023,20.00,2,714,ต้มยำ
14/5/2023,21.00,4,1292,ดำ
14/5/2023,21.00,7,2105,ดำ
14/5/2023,18.00,6,2276,ต้มยำ
14/5/2023,19.00,5,1895,ดำ
14/5/2023,20.00,7,1455,ดำ
14/5/2023,19.00,2,489,ใส
14/5/2023,18.00,6,1501,ใส
14/5/2023,21.00,2,730,ใส
14/5/2023,18.00,6,1950,ต้มยำ
14/5/2023,18.00,6,2298,ใส
14/5/2023,16.00,6,2257,ต้มยำ
14/5/2023,19.00,4,1254,ดำ
14/5/2023,17.00,3,980,ต้มยำ
14/5/2023,17.00,3,1095,ใส
14/5/2023,17.00,7,2420,ใส
14/5/2023,16.00,4,1572,ดำ
14/5/2023,17.00,7,1596,หม่าล่า
14/5/2023,20.00,2,556,ดำ
14/5/2023,16.00,5,1808,ใส
14/5/2023,20.00,6,2189,ต้มยำ
14/5/2023,21.00,4,884,ดำ
14/5/2023,17.00,2,492,ต้มยำ
15/5/2023,21.00,3,1170,หม่าล่า
15/5/2023,16.00,3,683,ใส
15/5/2023,16.00,5,1492,ต้มยำ
15/5/2023,21.00,5,1969,หม่าล่า
15/5/2023,19.00,5,1876,ใส
15/5/2023,17.00,2,785,ดำ
15/5/2023,21.00,6,1780,หม่าล่า
15/5/2023,18.00,5,1928,หม่าล่า
15/5/2023,7.00,3,970,ดำ
15/5/2023,21.00,7,2555,ดำ
15/5/2023,23.00,6,2147,หม่าล่า
15/5/2023,18.00,6,1577,หม่าล่า
15/5/2023,10.00,4,1477,ต้มยำ
15/5/2023,2.00,6,2151,หม่าล่า
15/5/2023,21.00,3,1115,หม่าล่า
15/5/2023,14.00,5,1383,ใส
15/5/2023,17.00,4,1346,หม่าล่า
15/5/2023,4.00,3,863,ดำ
15/5/2023,24.00,6,2029,ต้มยำ
15/5/2023,5.00,3,701,ใส
15/5/2023,5.00,3,661,ดำ
15/5/2023,19.00,3,923,หม่าล่า
15/5/2023,7.00,3,670,ดำ
15/5/2023,8.00,7,1623,หม่าล่า
15/5/2023,6.00,3,1059,ดำ
15/5/2023,21.00,3,728,ดำ
16/5/2023,9.00,2,621,ใส
16/5/2023,18.00,7,1569,ใส
16/5/2023,11.00,2,730,หม่าล่า
16/5/2023,15.00,5,1862,ต้มยำ
16/5/2023,23.00,4,1251,ดำ
16/5/2023,22.00,7,2595,ใส
16/5/2023,24.00,5,1820,ใส
16/5/2023,23.00,3,801,ต้มยำ
16/5/2023,12.00,2,714,ใส
16/5/2023,12.00,6,1738,ใส
16/5/2023,17.00,2,416,ใส
16/5/2023,21.00,7,2706,ใส
16/5/2023,21.00,5,1929,ใส
16/5/2023,24.00,5,1599,ดำ
16/5/2023,3.00,7,2102,ใส
16/5/2023,14.00,3,778,ใส
16/5/2023,20.00,4,1332,ต้มยำ
16/5/2023,20.00,4,1062,ดำ
16/5/2023,15.00,4,831,ใส
16/5/2023,19.00,7,1500,ดำ
16/5/2023,22.00,4,1246,ต้มยำ
16/5/2023,13.00,4,1078,หม่าล่า
16/5/2023,12.00,6,2165,ดำ
16/5/2023,2.00,7,2779,ใส
16/5/2023,17.00,3,937,ดำ
16/5/2023,8.00,3,899,ต้มยำ
17/5/2023,17.00,7,1967,หม่าล่า
17/5/2023,8.00,2,600,ใส
17/5/2023,4.00,7,2503,ต้มยำ
17/5/2023,16.00,2,457,ดำ
17/5/2023,6.00,3,1035,ใส
17/5/2023,8.00,2,621,หม่าล่า
17/5/2023,8.00,5,1686,ใส
17/5/2023,12.00,6,2330,หม่าล่า
17/5/2023,10.00,6,2273,หม่าล่า
17/5/2023,24.00,4,885,ใส
17/5/2023,7.00,7,2222,ต้มยำ
18/5/2023,11.00,2,479,หม่าล่า
18/5/2023,20.00,7,2116,ดำ
18/5/2023,21.00,7,2446,ต้มยำ
18/5/2023,6.00,7,2134,ใส
18/5/2023,19.00,6,1963,ใส
18/5/2023,19.00,7,1633,หม่าล่า
18/5/2023,15.00,2,596,ต้มยำ
18/5/2023,2.00,5,1344,หม่าล่า
18/5/2023,11.00,7,2009,ต้มยำ
18/5/2023,12.00,6,1965,ดำ
18/5/2023,14.00,6,1641,หม่าล่า
18/5/2023,18.00,7,2052,ใส
18/5/2023,18.00,2,746,ดำ
18/5/2023,4.00,7,2331,ดำ
18/5/2023,16.00,4,1086,ใส
18/5/2023,24.00,5,1548,ใส
18/5/2023,2.00,3,1163,หม่าล่า
18/5/2023,18.00,5,1027,ใส
19/5/2023,3.00,4,1209,หม่าล่า
19/5/2023,4.00,7,2196,ต้มยำ
19/5/2023,16.00,6,1919,หม่าล่า
19/5/2023,6.00,7,2037,หม่าล่า
19/5/2023,5.00,5,1139,ใส
19/5/2023,14.00,7,1542,ดำ
19/5/2023,19.00,7,1918,ต้มยำ
19/5/2023,19.00,3,884,ต้มยำ
19/5/2023,17.00,3,797,ต้มยำ
19/5/2023,3.00,4,798,ดำ
19/5/2023,20.00,5,1850,ต้มยำ
19/5/2023,15.00,4,1008,ต้มยำ
19/5/2023,8.00,2,464,ดำ
19/5/2023,10.00,3,979,ดำ
19/5/2023,12.00,4,863,หม่าล่า
19/5/2023,13.00,3,1132,หม่าล่า
19/5/2023,4.00,2,479,ต้มยำ
19/5/2023,12.00,3,876,ใส
19/5/2023,6.00,7,1443,ใส
19/5/2023,15.00,4,1441,หม่าล่า
19/5/2023,8.00,2,435,ต้มยำ
19/5/2023,15.00,6,2101,ใส
19/5/2023,18.00,7,1913,ใส
19/5/2023,5.00,7,2550,ดำ
19/5/2023,9.00,6,1608,ใส
19/5/2023,22.00,4,1555,ดำ
20/5/2023,20.00,2,627,ใส
20/5/2023,5.00,5,1259,ใส
20/5/2023,11.00,4,1531,ดำ
20/5/2023,8.00,2,737,หม่าล่า
20/5/2023,10.00,7,2274,ต้มยำ
20/5/2023,17.00,4,1332,ต้มยำ
20/5/2023,13.00,6,1501,ใส
20/5/2023,7.00,2,672,ต้มยำ
20/5/2023,10.00,6,1227,ใส
20/5/2023,6.00,6,1471,ดำ
20/5/2023,23.00,4,1223,ดำ
20/5/2023,18.00,3,858,ดำ
20/5/2023,8.00,7,1786,ใส
20/5/2023,14.00,2,401,ใส
20/5/2023,11.00,4,954,ใส
20/5/2023,13.00,3,666,ใส
20/5/2023,23.00,2,429,หม่าล่า
20/5/2023,14.00,6,1811,ต้มยำ
21/5/2023,24.00,7,1551,หม่าล่า
21/5/2023,24.00,5,1851,ใส
21/5/2023,7.00,5,1532,ดำ
21/5/2023,16.00,5,1147,ดำ
21/5/2023,2.00,2,576,ใส
21/5/2023,19.00,4,1056,ใส
21/5/2023,13.00,4,1179,ดำ
21/5/2023,17.00,2,735,ต้มยำ
21/5/2023,12.00,4,1354,ต้มยำ
21/5/2023,8.00,7,1662,ใส
21/5/2023,6.00,4,962,ใส
21/5/2023,13.00,4,1313,หม่าล่า
21/5/2023,8.00,3,1025,ดำ
21/5/2023,12.00,7,1669,ดำ
21/5/2023,15.00,2,645,ใส
21/5/2023,7.00,6,2143,ใส
21/5/2023,23.00,4,1304,ใส
22/5/2023,7.00,7,2742,ใส
22/5/2023,18.00,7,2437,ต้มยำ
22/5/2023,15.00,7,1711,หม่าล่า
22/5/2023,20.00,7,1966,ดำ
22/5/2023,23.00,6,1870,ใส
22/5/2023,7.00,7,1842,ใส
22/5/2023,10.00,7,1715,หม่าล่า
22/5/2023,8.00,5,1244,หม่าล่า
22/5/2023,14.00,6,2139,ดำ
22/5/2023,16.00,4,1176,ดำ
22/5/2023,3.00,4,1279,หม่าล่า
22/5/2023,18.00,7,2032,ต้มยำ
22/5/2023,2.00,2,571,ใส
22/5/2023,3.00,2,559,ดำ
22/5/2023,20.00,2,743,หม่าล่า
22/5/2023,12.00,2,509,ใส
22/5/2023,18.00,2,697,ดำ
22/5/2023,14.00,2,568,ต้มยำ
22/5/2023,14.00,6,2361,ต้มยำ
22/5/2023,4.00,5,1842,หม่าล่า
22/5/2023,7.00,7,1487,หม่าล่า
22/5/2023,6.00,4,1422,หม่าล่า
22/5/2023,17.00,3,659,หม่าล่า
22/5/2023,20.00,4,1014,ใส
23/5/2023,11.00,5,1990,หม่าล่า
23/5/2023,12.00,4,993,หม่าล่า
23/5/2023,12.00,3,801,ดำ
23/5/2023,11.00,4,1009,ต้มยำ
23/5/2023,16.00,3,1194,หม่าล่า
23/5/2023,6.00,4,815,ดำ
23/5/2023,14.00,4,989,ต้มยำ
23/5/2023,8.00,3,903,ต้มยำ
23/5/2023,19.00,3,783,ดำ
23/5/2023,16.00,6,1514,หม่าล่า
23/5/2023,18.00,2,575,ใส
23/5/2023,9.00,7,1801,ต้มยำ
23/5/2023,12.00,3,1104,ดำ
23/5/2023,7.00,6,2372,ใส
23/5/2023,22.00,7,2331,หม่าล่า
23/5/2023,16.00,2,512,ต้มยำ
24/5/2023,8.00,6,1472,หม่าล่า
24/5/2023,9.00,5,1991,ใส
24/5/2023,15.00,6,2328,ใส
24/5/2023,9.00,2,711,ดำ
24/5/2023,3.00,5,1315,หม่าล่า
24/5/2023,17.00,2,508,ใส
24/5/2023,4.00,7,1508,หม่าล่า
24/5/2023,16.00,2,770,ใส
24/5/2023,5.00,3,664,ดำ
24/5/2023,2.00,7,1951,ต้มยำ
24/5/2023,7.00,5,1443,ใส
24/5/2023,3.00,5,1765,ดำ
24/5/2023,24.00,2,621,ใส
24/5/2023,22.00,6,1686,ดำ
24/5/2023,17.00,3,959,หม่าล่า
24/5/2023,10.00,4,1047,ใส
24/5/2023,5.00,6,1360,ใส
24/5/2023,13.00,5,1126,ต้มยำ
24/5/2023,5.00,3,765,ใส
25/5/2023,17.00,7,1966,ใส
25/5/2023,6.00,6,1374,ดำ
25/5/2023,5.00,5,1084,หม่าล่า
25/5/2023,20.00,2,503,ต้มยำ
25/5/2023,20.00,5,1965,ใส
25/5/2023,9.00,7,1749,ต้มยำ
25/5/2023,3.00,5,1366,ดำ
25/5/2023,11.00,7,1595,ใส
25/5/2023,15.00,3,741,ต้มยำ
25/5/2023,19.00,2,794,หม่าล่า
25/5/2023,17.00,2,798,ใส
25/5/2023,20.00,7,2205,ดำ
25/5/2023,23.00,3,1006,ดำ
25/5/2023,12.00,3,1093,ต้มยำ
25/5/2023,14.00,3,750,ดำ
25/5/2023,15.00,4,1352,ต้มยำ
25/5/2023,24.00,4,1358,ดำ
25/5/2023,24.00,3,1098,หม่าล่า
25/5/2023,11.00,2,511,ดำ
25/5/2023,16.00,4,868,ดำ
25/5/2023,7.00,4,1452,ต้มยำ
25/5/2023,20.00,5,1244,ใส
25/5/2023,10.00,3,768,ใส
25/5/2023,19.00,3,683,ดำ
25/5/2023,10.00,6,1870,ดำ
25/5/2023,11.00,4,1505,ต้มยำ
25/5/2023,22.00,7,2238,ใส
25/5/2023,4.00,7,2097,ใส
26/5/2023,22.00,6,2102,ต้มยำ
26/5/2023,3.00,3,1162,ต้มยำ
26/5/2023,13.00,4,857,ต้มยำ
26/5/2023,3.00,4,1583,ใส
26/5/2023,2.00,4,1389,ดำ
26/5/2023,24.00,5,1197,ดำ
26/5/2023,8.00,4,845,ต้มยำ
26/5/2023,18.00,5,1089,ใส
26/5/2023,23.00,7,1671,ต้มยำ
26/5/2023,19.00,7,1745,ดำ
26/5/2023,2.00,4,867,ดำ
26/5/2023,4.00,3,1121,หม่าล่า
26/5/2023,3.00,2,409,ใส
26/5/2023,9.00,5,1740,หม่าล่า
26/5/2023,12.00,4,1288,ใส
26/5/2023,23.00,5,1630,ต้มยำ
26/5/2023,16.00,5,1417,หม่าล่า
26/5/2023,20.00,5,1376,ดำ
27/5/2023,15.00,7,1845,ดำ
27/5/2023,4.00,2,582,หม่าล่า
27/5/2023,12.00,7,2777,ดำ
27/5/2023,23.00,4,1143,ใส
27/5/2023,4.00,3,1076,ใส
27/5/2023,3.00,6,1194,ต้มยำ
27/5/2023,14.00,3,915,หม่าล่า
27/5/2023,8.00,4,1483,ดำ
27/5/2023,19.00,7,1450,หม่าล่า
27/5/2023,6.00,7,1982,ใส
27/5/2023,12.00,7,2031,หม่าล่า
27/5/2023,12.00,7,1604,ต้มยำ
27/5/2023,21.00,5,1907,ใส
27/5/2023,10.00,2,678,ดำ
27/5/2023,5.00,7,1670,ดำ
27/5/2023,14.00,6,1433,ดำ
27/5/2023,2.00,2,663,ต้มยำ
27/5/2023,21.00,6,1327,หม่าล่า
27/5/2023,3.00,4,1332,หม่าล่า
27/5/2023,11.00,6,1609,หม่าล่า
27/5/2023,14.00,3,620,ต้มยำ
27/5/2023,16.00,4,1526,ดำ
27/5/2023,18.00,3,1172,ดำ
28/5/2023,19.00,7,1678,ใส
28/5/2023,24.00,7,2184,ใส
28/5/2023,19.00,4,1118,ใส
28/5/2023,8.00,5,1828,ดำ
28/5/2023,21.00,3,1154,ดำ
28/5/2023,24.00,5,1390,ต้มยำ
28/5/2023,22.00,6,1760,ใส
28/5/2023,10.00,6,1205,ต้มยำ
28/5/2023,6.00,4,1323,ต้มยำ
28/5/2023,17.00,5,1182,ดำ
28/5/2023,17.00,7,2472,ใส
28/5/2023,23.00,3,681,ดำ
28/5/2023,22.00,5,1612,ใส
28/5/2023,10.00,6,1395,ต้มยำ
28/5/2023,9.00,4,1348,ใส
28/5/2023,9.00,2,602,ใส
29/5/2023,22.00,5,1922,ต้มยำ
29/5/2023,10.00,5,1788,ใส
29/5/2023,23.00,2,542,หม่าล่า
29/5/2023,8.00,4,1064,ดำ
29/5/2023,4.00,3,836,หม่าล่า
29/5/2023,21.00,7,2395,หม่าล่า
29/5/2023,5.00,7,1873,ใส
29/5/2023,16.00,3,1063,หม่าล่า
29/5/2023,10.00,2,628,ต้มยำ
29/5/2023,13.00,6,1443,ต้มยำ
29/5/2023,14.00,3,827,หม่าล่า
29/5/2023,20.00,4,1150,หม่าล่า
29/5/2023,12.00,4,894,หม่าล่า
30/5/2023,14.00,7,1673,หม่าล่า
30/5/2023,10.00,5,1926,ดำ
30/5/2023,4.00,4,1350,ใส
30/5/2023,11.00,3,998,ใส
30/5/2023,4.00,5,1435,หม่าล่า
30/5/2023,4.00,4,1244,ดำ
30/5/2023,10.00,2,459,หม่าล่า
30/5/2023,9.00,2,412,ดำ
30/5/2023,5.00,2,796,หม่าล่า
30/5/2023,9.00,2,420,หม่าล่า
30/5/2023,23.00,7,1767,ใส
30/5/2023,23.00,2,692,ดำ
30/5/2023,19.00,4,1514,ดำ
30/5/2023,3.00,3,1006,ดำ
30/5/2023,21.00,7,2730,ใส
30/5/2023,9.00,7,2528,ดำ
30/5/2023,3.00,4,1545,ดำ
30/5/2023,10.00,2,410,ดำ
30/5/2023,14.00,2,598,ใส
30/5/2023,9.00,2,692,ใส
31/5/2023,7.00,2,434,ต้มยำ
31/5/2023,5.00,4,944,ดำ
31/5/2023,13.00,5,1591,ต้มยำ
31/5/2023,15.00,7,2380,หม่าล่า
31/5/2023,4.00,2,586,ต้มยำ
31/5/2023,3.00,6,1516,ใส
31/5/2023,16.00,3,815,ต้มยำ
31/5/2023,10.00,2,642,ใส
31/5/2023,13.00,2,638,ต้มยำ
31/5/2023,16.00,3,943,หม่าล่า
31/5/2023,2.00,6,1509,หม่าล่า
31/5/2023,21.00,2,775,ต้มยำ
31/5/2023,15.00,7,2598,ต้มยำ
31/5/2023,12.00,2,509,ต้มยำ
31/5/2023,11.00,6,1340,ใส
31/5/2023,20.00,4,1284,ใส
31/5/2023,2.00,4,887,ต้มยำ
31/5/2023,7.00,6,1559,ดำ
31/5/2023,14.00,6,1535,หม่าล่า
31/5/2023,23.00,5,1025,ใส
31/5/2023,18.00,4,1135,ดำ
31/5/2023,9.00,6,1652,ใส
1/6/2023,2.00,5,1843,ต้มยำ
1/6/2023,4.00,3,892,ต้มยำ
1/6/2023,5.00,4,1274,ดำ
1/6/2023,8.00,6,1701,ดำ
1/6/2023,8.00,3,905,ดำ
1/6/2023,23.00,6,2350,ใส
1/6/2023,9.00,3,850,หม่าล่า
1/6/2023,5.00,2,542,หม่าล่า
1/6/2023,18.00,7,2651,ต้มยำ
1/6/2023,15.00,5,1589,ใส
1/6/2023,2.00,4,1556,ต้มยำ
1/6/2023,6.00,3,978,ต้มยำ
1/6/2023,21.00,5,1265,ต้มยำ
1/6/2023,12.00,4,1237,ใส
1/6/2023,17.00,3,680,ใส
2/6/2023,16.00,5,1566,ต้มยำ
2/6/2023,19.00,4,1052,หม่าล่า
2/6/2023,21.00,7,1731,ดำ
2/6/2023,16.00,5,1796,หม่าล่า
2/6/2023,18.00,6,1951,ใส
2/6/2023,18.00,2,459,ดำ
2/6/2023,18.00,3,1115,ใส
2/6/2023,17.00,4,992,ใส
2/6/2023,16.00,6,1467,ดำ
2/6/2023,19.00,5,1977,ใส
2/6/2023,16.00,3,857,หม่าล่า
2/6/2023,21.00,3,662,ต้มยำ
2/6/2023,16.00,7,1652,ต้มยำ
2/6/2023,20.00,2,547,หม่าล่า
2/6/2023,18.00,2,689,ดำ
3/6/2023,20.00,6,1516,ดำ
3/6/2023,17.00,5,1750,ใส
3/6/2023,19.00,3,1032,ดำ
3/6/2023,19.00,6,1864,หม่าล่า
3/6/2023,20.00,3,735,หม่าล่า
3/6/2023,17.00,2,636,หม่าล่า
3/6/2023,19.00,5,1015,ใส
3/6/2023,20.00,5,1494,หม่าล่า
3/6/2023,21.00,6,2097,ต้มยำ
3/6/2023,16.00,2,686,หม่าล่า
3/6/2023,19.00,5,1890,ดำ
3/6/2023,16.00,2,646,หม่าล่า
3/6/2023,21.00,2,652,หม่าล่า
3/6/2023,21.00,2,489,หม่าล่า
3/6/2023,20.00,5,1359,หม่าล่า
3/6/2023,18.00,2,779,ต้มยำ
3/6/2023,21.00,4,1524,ใส
3/6/2023,17.00,4,928,ดำ
3/6/2023,16.00,4,1587,ดำ
3/6/2023,19.00,6,1305,ดำ
4/6/2023,18.00,7,1541,หม่าล่า
4/6/2023,16.00,4,1129,ดำ
4/6/2023,18.00,7,1479,ใส
4/6/2023,18.00,4,874,ต้มยำ
4/6/2023,2.00,6,1982,ต้มยำ
4/6/2023,23.00,6,1434,ใส
4/6/2023,21.00,2,431,ดำ
4/6/2023,21.00,5,1469,ต้มยำ
4/6/2023,8.00,6,1679,ดำ
4/6/2023,8.00,7,2570,หม่าล่า
4/6/2023,22.00,4,1345,ใส
4/6/2023,10.00,4,1000,ต้มยำ
4/6/2023,7.00,6,1863,ต้มยำ
4/6/2023,2.00,4,1324,หม่าล่า
4/6/2023,23.00,7,2443,ต้มยำ
4/6/2023,3.00,7,2089,หม่าล่า
4/6/2023,22.00,6,2173,ใส
4/6/2023,24.00,2,769,ใส
4/6/2023,5.00,7,1572,หม่าล่า
4/6/2023,2.00,4,1329,ดำ
4/6/2023,2.00,4,845,ใส
4/6/2023,23.00,2,490,ต้มยำ
4/6/2023,5.00,7,2202,ใส
4/6/2023,18.00,5,1517,ต้มยำ
4/6/2023,11.00,2,727,ดำ
4/6/2023,5.00,4,1043,ใส
5/6/2023,21.00,2,710,ใส
5/6/2023,22.00,4,1531,ดำ
5/6/2023,22.00,2,460,ต้มยำ
5/6/2023,16.00,4,814,ใส
5/6/2023,4.00,3,985,หม่าล่า
5/6/2023,10.00,4,1114,หม่าล่า
5/6/2023,14.00,3,1072,ดำ
5/6/2023,8.00,5,1653,ดำ
5/6/2023,8.00,6,1873,ดำ
5/6/2023,11.00,2,785,ดำ
5/6/2023,11.00,7,1957,ดำ
5/6/2023,19.00,6,1961,ดำ
5/6/2023,2.00,6,1203,หม่าล่า
5/6/2023,22.00,4,1222,ดำ
5/6/2023,20.00,7,1591,ดำ
5/6/2023,24.00,2,493,หม่าล่า
6/6/2023,2.00,5,1048,ต้มยำ
6/6/2023,12.00,7,2468,ต้มยำ
6/6/2023,15.00,5,1797,ใส
6/6/2023,19.00,3,920,ต้มยำ
6/6/2023,18.00,2,718,หม่าล่า
6/6/2023,24.00,3,1070,หม่าล่า
6/6/2023,19.00,5,1959,ใส
6/6/2023,3.00,3,882,ใส
6/6/2023,9.00,5,1475,ดำ
6/6/2023,21.00,6,1509,ต้มยำ
6/6/2023,16.00,4,1565,ใส
6/6/2023,19.00,7,1946,ใส
6/6/2023,6.00,3,1135,ต้มยำ
6/6/2023,18.00,6,1417,ใส
6/6/2023,8.00,7,2132,ต้มยำ
6/6/2023,23.00,3,1082,ดำ
7/6/2023,7.00,7,1599,หม่าล่า
7/6/2023,14.00,4,1243,หม่าล่า
7/6/2023,5.00,2,524,ดำ
7/6/2023,21.00,3,637,หม่าล่า
7/6/2023,16.00,5,1786,ใส
7/6/2023,15.00,3,1141,หม่าล่า
7/6/2023,23.00,5,1231,หม่าล่า
7/6/2023,10.00,7,1795,ใส
7/6/2023,7.00,4,1581,ดำ
7/6/2023,22.00,7,2429,หม่าล่า
7/6/2023,22.00,2,445,ใส
7/6/2023,16.00,6,1699,ใส
7/6/2023,14.00,7,2229,หม่าล่า
7/6/2023,9.00,4,1159,ต้มยำ
7/6/2023,16.00,5,1105,ต้มยำ
7/6/2023,14.00,2,631,ต้มยำ
7/6/2023,15.00,2,584,หม่าล่า
7/6/2023,21.00,6,1775,ดำ
8/6/2023,13.00,2,689,หม่าล่า
8/6/2023,7.00,6,2249,ต้มยำ
8/6/2023,17.00,5,1624,ใส
8/6/2023,12.00,4,1110,ใส
8/6/2023,4.00,7,2668,ใส
8/6/2023,22.00,4,1268,ใส
8/6/2023,10.00,6,1266,หม่าล่า
8/6/2023,12.00,5,1040,ดำ
8/6/2023,16.00,6,1678,หม่าล่า
8/6/2023,8.00,5,1941,ต้มยำ
8/6/2023,5.00,7,1482,หม่าล่า
8/6/2023,6.00,3,1011,ใส
8/6/2023,10.00,7,1445,ต้มยำ
8/6/2023,20.00,6,1371,หม่าล่า
8/6/2023,13.00,7,1818,ต้มยำ
8/6/2023,6.00,7,2331,ใส
8/6/2023,17.00,2,749,ใส
8/6/2023,22.00,5,1218,หม่าล่า
8/6/2023,3.00,6,2085,ต้มยำ
8/6/2023,7.00,4,921,ใส
8/6/2023,18.00,4,1322,ต้มยำ
8/6/2023,3.00,3,598,หม่าล่า
8/6/2023,9.00,4,1356,ใส
8/6/2023,6.00,2,522,หม่าล่า
9/6/2023,2.00,2,597,ต้มยำ
9/6/2023,18.00,2,469,หม่าล่า
9/6/2023,18.00,7,2280,ใส
9/6/2023,23.00,7,2596,ดำ
9/6/2023,12.00,2,513,ดำ
9/6/2023,19.00,6,1839,หม่าล่า
9/6/2023,6.00,7,2590,ใส
9/6/2023,18.00,6,1526,ดำ
9/6/2023,20.00,7,1505,ต้มยำ
9/6/2023,14.00,5,995,หม่าล่า
9/6/2023,2.00,3,712,หม่าล่า
9/6/2023,20.00,4,999,ใส
9/6/2023,24.00,2,498,หม่าล่า
9/6/2023,9.00,5,1119,ดำ
9/6/2023,23.00,2,471,ดำ
9/6/2023,21.00,5,1273,ดำ
9/6/2023,15.00,6,1745,ดำ
9/6/2023,15.00,6,1617,ต้มยำ
10/6/2023,4.00,7,1616,ต้มยำ
10/6/2023,4.00,3,663,ดำ
10/6/2023,13.00,5,1665,ดำ
10/6/2023,16.00,2,489,ดำ
10/6/2023,22.00,3,872,หม่าล่า
10/6/2023,7.00,3,599,ต้มยำ
10/6/2023,9.00,7,1832,ใส
10/6/2023,14.00,7,2293,ใส
10/6/2023,12.00,3,946,หม่าล่า
10/6/2023,7.00,2,410,ใส
10/6/2023,12.00,5,1187,ดำ
10/6/2023,5.00,2,695,ใส
10/6/2023,19.00,6,1312,ต้มยำ
10/6/2023,13.00,5,1318,หม่าล่า
10/6/2023,2.00,6,1365,หม่าล่า
10/6/2023,13.00,5,1250,ใส
10/6/2023,12.00,5,1004,ดำ
10/6/2023,22.00,7,1779,ดำ
10/6/2023,17.00,4,1265,ดำ
10/6/2023,2.00,4,995,ใส
10/6/2023,20.00,5,1848,ใส
10/6/2023,20.00,3,1081,ต้มยำ
10/6/2023,10.00,5,1098,ดำ
10/6/2023,7.00,6,1872,หม่าล่า
10/6/2023,11.00,4,1561,หม่าล่า
11/6/2023,9.00,2,496,ต้มยำ
11/6/2023,21.00,7,1658,ต้มยำ
11/6/2023,4.00,5,1923,ใส
11/6/2023,12.00,6,1953,หม่าล่า
11/6/2023,14.00,6,1420,หม่าล่า
11/6/2023,16.00,4,823,ต้มยำ
11/6/2023,14.00,7,2031,ใส
11/6/2023,13.00,7,2540,ใส
11/6/2023,19.00,6,1446,ดำ
11/6/2023,12.00,7,2153,ดำ
11/6/2023,18.00,3,1058,ดำ
12/6/2023,3.00,3,985,ต้มยำ
12/6/2023,24.00,4,1417,ต้มยำ
12/6/2023,13.00,7,2555,หม่าล่า
12/6/2023,14.00,5,1049,ใส
12/6/2023,6.00,2,490,ดำ
12/6/2023,6.00,5,1027,ใส
12/6/2023,7.00,2,611,ดำ
12/6/2023,10.00,3,1103,ใส
12/6/2023,17.00,2,710,ใส
12/6/2023,10.00,6,1950,ใส
12/6/2023,12.00,3,617,ต้มยำ
12/6/2023,23.00,4,1211,ต้มยำ
12/6/2023,21.00,2,605,ดำ
12/6/2023,16.00,5,1847,ดำ
12/6/2023,23.00,6,1362,ดำ
12/6/2023,15.00,4,1409,ดำ
12/6/2023,21.00,2,531,ต้มยำ
12/6/2023,13.00,6,1471,ต้มยำ
12/6/2023,21.00,2,607,ดำ
12/6/2023,12.00,2,482,ใส
12/6/2023,9.00,5,1487,หม่าล่า
13/6/2023,17.00,3,900,หม่าล่า
13/6/2023,16.00,4,1183,ดำ
13/6/2023,19.00,7,2396,ต้มยำ
13/6/2023,24.00,2,473,หม่าล่า
13/6/2023,18.00,4,1596,ดำ
13/6/2023,17.00,7,2662,ต้มยำ
13/6/2023,4.00,6,2215,ใส
13/6/2023,8.00,3,1063,หม่าล่า
13/6/2023,7.00,5,1715,หม่าล่า
13/6/2023,3.00,2,681,ดำ
13/6/2023,15.00,6,2071,ต้มยำ
13/6/2023,14.00,6,1905,หม่าล่า
13/6/2023,15.00,3,930,ใส
13/6/2023,22.00,7,2003,ใส
13/6/2023,6.00,6,1492,ดำ
13/6/2023,10.00,4,1197,ต้มยำ
13/6/2023,19.00,2,502,ต้มยำ
13/6/2023,17.00,4,1420,ใส
13/6/2023,12.00,6,1265,หม่าล่า
13/6/2023,9.00,3,934,ใส
13/6/2023,15.00,6,1298,ดำ
14/6/2023,10.00,5,1801,หม่าล่า
14/6/2023,3.00,6,1795,หม่าล่า
14/6/2023,8.00,6,2360,ใส
14/6/2023,13.00,6,1199,ต้มยำ
14/6/2023,2.00,6,1863,ต้มยำ
14/6/2023,21.00,3,939,ดำ
14/6/2023,20.00,4,1278,ใส
14/6/2023,10.00,4,1209,หม่าล่า
14/6/2023,18.00,4,817,ดำ
15/6/2023,22.00,4,1106,ดำ
15/6/2023,5.00,7,1467,ต้มยำ
15/6/2023,12.00,7,1569,หม่าล่า
15/6/2023,12.00,5,1315,ต้มยำ
15/6/2023,14.00,4,936,หม่าล่า
15/6/2023,10.00,6,2223,ใส
15/6/2023,5.00,5,1868,ดำ
15/6/2023,20.00,7,2086,หม่าล่า
15/6/2023,9.00,5,1283,ดำ
15/6/2023,4.00,4,813,ใส
15/6/2023,4.00,6,2348,ใส
15/6/2023,18.00,3,1033,ใส
15/6/2023,5.00,6,2241,ดำ
15/6/2023,17.00,5,1731,ต้มยำ
15/6/2023,3.00,4,1511,หม่าล่า
15/6/2023,7.00,4,864,ต้มยำ
15/6/2023,10.00,4,885,ใส
15/6/2023,16.00,4,943,ดำ
15/6/2023,9.00,3,754,ต้มยำ
15/6/2023,3.00,5,1576,ดำ
15/6/2023,23.00,3,785,ใส
15/6/2023,14.00,2,741,ดำ
15/6/2023,22.00,3,970,หม่าล่า
15/6/2023,11.00,3,851,ต้มยำ
16/6/2023,9.00,5,1825,ดำ
16/6/2023,19.00,6,2157,ดำ
16/6/2023,3.00,4,955,หม่าล่า
16/6/2023,7.00,5,1569,ดำ
16/6/2023,12.00,7,2678,ใส
16/6/2023,22.00,2,586,ดำ
16/6/2023,24.00,3,602,ใส
16/6/2023,18.00,5,1464,ดำ
16/6/2023,8.00,6,1867,ใส
16/6/2023,4.00,6,1368,หม่าล่า
16/6/2023,10.00,3,657,ดำ
16/6/2023,2.00,2,638,ดำ
16/6/2023,14.00,7,1898,ใส
16/6/2023,17.00,5,1119,ต้มยำ
16/6/2023,5.00,6,2336,ใส
16/6/2023,11.00,5,1214,ใส
16/6/2023,13.00,3,740,ใส
16/6/2023,14.00,5,1047,ใส
16/6/2023,8.00,2,569,ต้มยำ
16/6/2023,20.00,5,1033,ต้มยำ
17/6/2023,24.00,6,2200,ต้มยำ
17/6/2023,6.00,7,2249,หม่าล่า
17/6/2023,14.00,6,1929,หม่าล่า
17/6/2023,10.00,5,1014,ต้มยำ
17/6/2023,12.00,2,611,หม่าล่า
17/6/2023,17.00,6,1752,หม่าล่า
17/6/2023,4.00,4,796,หม่าล่า
17/6/2023,5.00,6,2251,หม่าล่า
17/6/2023,4.00,5,1661,หม่าล่า
17/6/2023,16.00,6,2007,ต้มยำ
17/6/2023,22.00,4,1445,ดำ
17/6/2023,6.00,5,1569,ใส
17/6/2023,21.00,4,1015,ดำ
17/6/2023,21.00,2,503,ใส
17/6/2023,16.00,3,1171,ต้มยำ
17/6/2023,17.00,5,1382,ใส
17/6/2023,18.00,3,1096,ใส
17/6/2023,21.00,3,945,ต้มยำ
17/6/2023,20.00,4,897,ต้มยำ
18/6/2023,20.00,7,1455,หม่าล่า
18/6/2023,18.00,7,2187,หม่าล่า
18/6/2023,17.00,4,1138,หม่าล่า
18/6/2023,20.00,3,689,ใส
18/6/2023,20.00,6,1207,ต้มยำ
18/6/2023,16.00,7,2527,ดำ
18/6/2023,20.00,4,1587,ใส
18/6/2023,19.00,6,1306,ใส
18/6/2023,19.00,3,845,ต้มยำ
18/6/2023,20.00,6,2321,ใส
18/6/2023,7.00,7,2341,ใส
18/6/2023,8.00,6,1681,ต้มยำ
18/6/2023,12.00,7,2199,หม่าล่า
18/6/2023,20.00,7,2357,ต้มยำ
19/6/2023,11.00,3,861,ดำ
19/6/2023,6.00,2,761,ใส
19/6/2023,2.00,5,1398,หม่าล่า
19/6/2023,14.00,6,1331,ดำ
19/6/2023,20.00,2,465,หม่าล่า
19/6/2023,11.00,6,1229,หม่าล่า
19/6/2023,14.00,6,1685,ใส
19/6/2023,4.00,3,669,หม่าล่า
19/6/2023,3.00,6,1264,ใส
19/6/2023,4.00,5,1507,ต้มยำ
19/6/2023,2.00,2,511,ใส
19/6/2023,4.00,2,401,ใส
19/6/2023,23.00,6,2288,ดำ
19/6/2023,7.00,3,924,ดำ
19/6/2023,24.00,5,1732,ต้มยำ
19/6/2023,7.00,3,701,หม่าล่า
19/6/2023,2.00,4,1579,ดำ
19/6/2023,19.00,4,1098,ดำ
19/6/2023,17.00,5,1914,ต้มยำ
19/6/2023,4.00,5,1331,ดำ
19/6/2023,22.00,7,1430,หม่าล่า
19/6/2023,16.00,7,2164,หม่าล่า
19/6/2023,14.00,3,968,หม่าล่า
20/6/2023,11.00,5,1101,หม่าล่า
20/6/2023,6.00,6,2311,ใส
20/6/2023,23.00,2,794,ดำ
20/6/2023,19.00,3,879,หม่าล่า
20/6/2023,7.00,3,884,ต้มยำ
20/6/2023,23.00,3,602,หม่าล่า
20/6/2023,18.00,3,814,ต้มยำ
20/6/2023,3.00,3,878,ใส
20/6/2023,10.00,2,771,ใส
20/6/2023,17.00,7,2357,ดำ
20/6/2023,9.00,6,1879,หม่าล่า
20/6/2023,2.00,4,1591,ใส
20/6/2023,10.00,3,1122,ใส
20/6/2023,9.00,5,1033,หม่าล่า
20/6/2023,11.00,4,1253,ดำ
21/6/2023,17.00,6,2081,ต้มยำ
21/6/2023,10.00,5,1966,ใส
21/6/2023,8.00,2,578,ใส
21/6/2023,3.00,4,822,ต้มยำ
21/6/2023,11.00,3,602,ต้มยำ
21/6/2023,19.00,6,1597,ดำ
21/6/2023,21.00,6,2269,หม่าล่า
21/6/2023,10.00,3,1165,ดำ
21/6/2023,22.00,2,709,ใส
21/6/2023,5.00,2,458,ดำ
21/6/2023,15.00,2,655,ดำ
21/6/2023,11.00,7,1888,ต้มยำ
21/6/2023,24.00,4,1164,ต้มยำ
21/6/2023,15.00,7,1894,ดำ
21/6/2023,2.00,4,843,ดำ
21/6/2023,19.00,6,2047,ใส
21/6/2023,5.00,6,2258,ต้มยำ
21/6/2023,13.00,2,665,ดำ
21/6/2023,20.00,6,1712,หม่าล่า
21/6/2023,16.00,7,1454,ใส
22/6/2023,4.00,3,1034,ดำ
22/6/2023,5.00,5,1117,ใส
22/6/2023,11.00,3,895,ใส
22/6/2023,20.00,3,1159,ใส
22/6/2023,10.00,3,1172,ต้มยำ
22/6/2023,3.00,7,2106,ใส
22/6/2023,2.00,7,1445,ต้มยำ
22/6/2023,4.00,2,694,ดำ
22/6/2023,24.00,7,2174,ต้มยำ
22/6/2023,16.00,5,1836,ต้มยำ
22/6/2023,7.00,4,1532,ใส
22/6/2023,21.00,7,2123,ต้มยำ
22/6/2023,22.00,3,1163,ต้มยำ
22/6/2023,16.00,6,1569,ดำ
22/6/2023,14.00,7,1504,ดำ
22/6/2023,22.00,7,1544,ใส
22/6/2023,19.00,5,1854,ดำ
22/6/2023,4.00,4,879,ต้มยำ
22/6/2023,18.00,5,1400,หม่าล่า
22/6/2023,2.00,7,2552,ต้มยำ
22/6/2023,19.00,4,1130,ใส
22/6/2023,4.00,6,1737,ใส
22/6/2023,7.00,6,1834,ใส
22/6/2023,20.00,7,2028,ต้มยำ
22/6/2023,14.00,4,1588,หม่าล่า
22/6/2023,15.00,2,782,หม่าล่า
23/6/2023,20.00,4,1406,ใส
23/6/2023,21.00,2,792,ดำ
23/6/2023,20.00,7,2604,ต้มยำ
23/6/2023,16.00,5,1482,ต้มยำ
23/6/2023,14.00,4,1441,หม่าล่า
23/6/2023,11.00,4,1012,ดำ
23/6/2023,7.00,6,2257,ต้มยำ
23/6/2023,19.00,7,1694,ต้มยำ
23/6/2023,3.00,2,453,ต้มยำ
23/6/2023,15.00,3,958,หม่าล่า
23/6/2023,11.00,4,1236,หม่าล่า
23/6/2023,6.00,7,1466,ต้มยำ
23/6/2023,14.00,2,789,ใส
23/6/2023,19.00,3,879,ต้มยำ
23/6/2023,17.00,4,1394,หม่าล่า
23/6/2023,10.00,2,542,ดำ
23/6/2023,9.00,7,1554,ต้มยำ
23/6/2023,20.00,4,1390,ดำ
23/6/2023,7.00,7,1993,ใส
23/6/2023,8.00,3,825,ใส
23/6/2023,3.00,6,2161,ดำ
23/6/2023,18.00,3,912,ใส
23/6/2023,20.00,3,1157,ต้มยำ
23/6/2023,23.00,4,895,ดำ
23/6/2023,8.00,7,2010,ต้มยำ
24/6/2023,18.00,6,1336,ใส
24/6/2023,9.00,6,1971,ต้มยำ
24/6/2023,12.00,7,2555,ดำ
24/6/2023,17.00,6,2058,ต้มยำ
24/6/2023,15.00,5,1692,ใส
24/6/2023,19.00,4,1280,ดำ
24/6/2023,14.00,3,730,หม่าล่า
24/6/2023,10.00,7,1795,ต้มยำ
24/6/2023,21.00,3,948,ดำ
24/6/2023,22.00,4,1286,หม่าล่า
24/6/2023,5.00,3,849,ดำ
24/6/2023,17.00,4,1187,ใส
24/6/2023,3.00,6,2362,ต้มยำ
24/6/2023,24.00,3,956,ดำ
25/6/2023,21.00,6,1818,ต้มยำ
25/6/2023,11.00,2,479,หม่าล่า
25/6/2023,4.00,4,1005,ต้มยำ
25/6/2023,5.00,5,1312,ต้มยำ
25/6/2023,17.00,7,1631,ใส
25/6/2023,12.00,4,1273,ดำ
25/6/2023,2.00,3,1013,ดำ
25/6/2023,8.00,6,1837,ต้มยำ
25/6/2023,2.00,5,1329,ใส
25/6/2023,12.00,5,1035,ต้มยำ
25/6/2023,21.00,7,2214,หม่าล่า
25/6/2023,6.00,6,1226,หม่าล่า
25/6/2023,19.00,4,1402,ดำ
25/6/2023,7.00,2,595,หม่าล่า
25/6/2023,19.00,6,2201,ดำ
25/6/2023,19.00,2,727,หม่าล่า
26/6/2023,14.00,4,1314,ต้มยำ
26/6/2023,15.00,7,2593,ต้มยำ
26/6/2023,11.00,7,2677,ดำ
26/6/2023,24.00,7,1587,ต้มยำ
26/6/2023,4.00,4,1344,ต้มยำ
26/6/2023,8.00,5,1471,ดำ
26/6/2023,16.00,7,2092,หม่าล่า
26/6/2023,24.00,4,1510,ต้มยำ
26/6/2023,6.00,7,1829,ดำ
26/6/2023,12.00,7,2266,ต้มยำ
26/6/2023,12.00,7,2748,ใส
26/6/2023,11.00,5,1963,ใส
26/6/2023,12.00,7,1695,ใส
27/6/2023,5.00,5,1225,ต้มยำ
27/6/2023,11.00,2,581,ใส
27/6/2023,9.00,2,511,ดำ
27/6/2023,23.00,5,1905,หม่าล่า
27/6/2023,11.00,3,912,ต้มยำ
27/6/2023,20.00,7,2289,หม่าล่า
27/6/2023,17.00,3,647,ต้มยำ
27/6/2023,5.00,2,736,ต้มยำ
27/6/2023,20.00,4,1248,ดำ
27/6/2023,20.00,5,1261,ดำ
27/6/2023,12.00,4,1474,ใส
27/6/2023,19.00,7,2145,ดำ
27/6/2023,16.00,7,1871,หม่าล่า
27/6/2023,23.00,2,590,หม่าล่า
27/6/2023,22.00,7,1877,ดำ
27/6/2023,19.00,2,475,ดำ
27/6/2023,19.00,5,1937,หม่าล่า
27/6/2023,16.00,6,2055,ดำ
27/6/2023,17.00,5,1019,ใส
27/6/2023,16.00,6,1967,ต้มยำ
27/6/2023,17.00,6,1911,ใส
27/6/2023,19.00,5,1073,ดำ
27/6/2023,20.00,4,1044,หม่าล่า
28/6/2023,17.00,4,1209,ใส
28/6/2023,19.00,4,1301,หม่าล่า
28/6/2023,19.00,4,1167,ต้มยำ
28/6/2023,17.00,3,659,ดำ
28/6/2023,23.00,6,1264,หม่าล่า
28/6/2023,6.00,5,1129,ดำ
28/6/2023,21.00,6,1253,ใส
28/6/2023,10.00,7,2146,ใส
28/6/2023,11.00,7,2630,ใส
28/6/2023,12.00,7,2328,ดำ
28/6/2023,16.00,6,1549,หม่าล่า
28/6/2023,12.00,7,1566,ดำ
28/6/2023,3.00,5,1635,ต้มยำ
28/6/2023,19.00,3,1083,หม่าล่า
28/6/2023,19.00,2,708,ดำ
28/6/2023,16.00,5,1930,ดำ
28/6/2023,18.00,2,450,ต้มยำ
28/6/2023,17.00,5,1217,ใส
28/6/2023,19.00,5,1249,หม่าล่า
28/6/2023,20.00,4,1387,หม่าล่า
28/6/2023,17.00,2,503,ต้มยำ
28/6/2023,18.00,4,828,ดำ
28/6/2023,19.00,6,1787,ดำ
28/6/2023,19.00,6,1601,หม่าล่า
28/6/2023,18.00,4,1191,ดำ
29/6/2023,21.00,7,1814,ใส
29/6/2023,21.00,4,1083,หม่าล่า
29/6/2023,16.00,4,1515,ต้มยำ
29/6/2023,20.00,2,413,หม่าล่า
29/6/2023,17.00,4,922,ใส
29/6/2023,19.00,4,816,ใส
29/6/2023,21.00,4,1074,ดำ
29/6/2023,19.00,3,1193,หม่าล่า
29/6/2023,2.00,6,1416,ต้มยำ
29/6/2023,13.00,4,1122,ดำ
29/6/2023,13.00,7,1821,ใส
29/6/2023,2.00,7,2767,ใส
29/6/2023,3.00,6,1993,หม่าล่า
29/6/2023,10.00,7,1635,ดำ
29/6/2023,20.00,3,689,หม่าล่า
29/6/2023,12.00,3,744,ต้มยำ
29/6/2023,19.00,2,708,ต้มยำ
29/6/2023,22.00,5,1685,หม่าล่า
29/6/2023,10.00,4,1555,หม่าล่า
29/6/2023,2.00,4,833,ใส
29/6/2023,13.00,6,2358,หม่าล่า
29/6/2023,2.00,2,534,ต้มยำ
29/6/2023,10.00,2,645,ดำ
29/6/2023,8.00,3,966,ดำ
30/6/2023,9.00,5,1105,ดำ
30/6/2023,2.00,3,634,ดำ
30/6/2023,11.00,2,661,ดำ
30/6/2023,4.00,2,505,ต้มยำ
30/6/2023,3.00,4,909,ต้มยำ
30/6/2023,9.00,4,1416,ต้มยำ
30/6/2023,11.00,7,2701,ต้มยำ
30/6/2023,16.00,7,2299,ต้มยำ
30/6/2023,8.00,5,1925,ต้มยำ
30/6/2023,7.00,7,2639,ดำ
30/6/2023,5.00,6,1219,หม่าล่า
30/6/2023,2.00,6,1945,ดำ
30/6/2023,16.00,3,700,ดำ
30/6/2023,13.00,2,756,ดำ
30/6/2023,7.00,3,717,ใส
30/6/2023,4.00,4,1561,ใส
30/6/2023,17.00,7,2035,หม่าล่า
30/6/2023,4.00,2,463,หม่าล่า